1301,極洋
1305,ダイワＴＰＸ
1306,ＴＰＸ連動
1308,上場ＴＰＸ
1309,上証５０連動
1311,コア３０連動
1312,ＲＮ小型コア
1313,ＫＯＤＥＸ
1319,３００投信
1320,ダイワ２２５
1321,２２５連動
1322,上場パンダ
1323,南ア４０連動
1324,ロシア
1325,ブラジル
1326,ＳＰＤＲゴル
1328,金連動投信
1329,ｉＳ２２５
1330,上場２２５
1332,日水
1333,マルハニチロ
1343,ＲＥＩＴ
1345,上場Ｊリート
1346,ＭＸＳ２２５
1348,ＭＸトピクス
1349,アジア債券
1352,ホウスイ
1356,ＴＰＷインバ
1357,日経ダブルＩ
1358,上場日経２倍
1360,Ｗイン日経
1364,ｉＳＪＰＸ
1365,大和２２５Ｗ
1366,２２５Ｗベア
1367,大和ＴＰＸＷ
1368,ＴＰＸＷベア
1369,Ｏ日経２２５
1375,雪国まいたけ
1376,カネコ種
1377,サカタのタネ
1379,ホクト
1380,秋川牧園
1381,アクシーズ
1382,ホーブ
1383,ベルグアース
1384,ホクリヨウ
1385,ユーロ圏５０
1386,ＵＢＳ欧州株
1387,ＵＢＳ通貨株
1388,ＵＢ通貨小型
1389,ＵＢ英国大型
1390,ＵＢアジア太
1391,ＵＢＳスイス
1392,ＵＢＳ英国株
1393,ＵＢＳ米国株
1394,ＵＢＳ先進国
1397,ＳＭＤ２２５
1398,ＳＭＤリート
1399,高配当低ボラ
1400,ルーデン
1401,ＭＢＳ
1407,ウエストＨＤ
1413,ヒノキヤＧ
1414,ショーボンド
1417,ミライトＨＤ
1418,インタライフ
1419,タマホーム
1420,サンヨーＨ
1429,日本アクア
1430,Ｆコーポ
1431,リブワーク
1433,ベステラ
1434,ＪＥＳＣＯＨ
1435,ＲｏｂｏｔＨ
1436,フィット
1438,岐阜造園
1439,安江工務店
1443,技研ＨＤ
1444,ニッソウ
1446,キャンディル
1447,ＩＴｂＨＤ
1449,ＦＪジャパン
1450,田中建設
1451,ＫＨＣ
1456,大２２５ベア
1457,大和ＴＸベア
1458,楽２２５ブル
1459,楽２２５ベア
1464,大和ＪＷ
1465,大和Ｊベア
1466,大和ＪＷベア
1467,Ｊ４００ブル
1468,Ｊ４００ベア
1469,４ベア２倍
1472,Ｊ４００Ｗイ
1473,ＯＥＴＦＴ
1474,ＯＪＰＸ
1475,ｉＳＴＰＸ
1476,ｉＳＪリート
1477,ｉＳ最小分散
1478,ｉＳ高配当
1479,大和ＭＳ人材
1480,企業価値Ｅ
1481,日本経済貢献
1482,七十円ヘジ
1483,ｉＳ設備人材
1484,Ｏ設備人材
1485,ＭＪ積極投資
1486,米債ヘなし
1487,米債ヘあり
1488,大和Ｊリート
1489,日経高配５０
1490,ベータヘッジ
1491,中外鉱
1492,ＭＸＳ中小型
1493,Ｏｎｅ中小型
1494,Ｏｎｅ高配当
1495,アジアリート
1496,ｉＳ米ＩＧ
1497,ｉＳドルＨＹ
1498,ＯｎｅＥＳＧ
1499,高配７０ＭＮ
1514,住石ＨＤ
1515,日鉄鉱
1518,三井松島ＨＤ
1540,純金信託
1541,純プラ信
1542,純銀信託
1543,純パラ信
1545,ＮＦＮＹダウ
1546,ＮＦＮＡＳＱ
1547,上場米国
1550,ＭＸＳ外株
1551,ＪＱ２０
1552,ＶＩＸ先物
1554,上場ＭＳ世
1555,上場Ａリート
1557,ＳＰＤ５００
1559,タイＳＥＴ
1560,マレーシア
1563,マザーズコア
1566,上場ＥＭ債
1568,ＴＰレバＷ
1569,ＴＰＸインバ
1570,日経レバ
1571,日経インバ
1572,Ｈ株レバＷ
1573,Ｈ株インバ
1575,中国Ａ３００
1577,高配当７０
1578,上場２２５Ｍ
1579,日経レバＷ
1580,２２５インバ
1584,Ｋサムスン株
1585,ダイワＥＸＦ
1586,ＴＰＸ除金融
1591,ＪＰＸ日経
1592,上場ＪＰＸ
1593,ＭＸＳ４００
1595,ＮＺＡＭＪ
1596,ＮＺＡＭＥＸ
1597,ＭＸＳＪリト
1599,大和ＪＰＸ
1605,ＩＮＰＥＸ
1615,銀行連動
1617,食品
1618,エネ資源
1619,建設資材
1620,素材化学
1621,医薬品
1622,自動車
1623,鉄鋼非鉄
1624,機械
1625,電機精密
1626,情通サ他
1627,電力ガス
1628,運輸物流
1629,商社卸売
1630,小売
1631,銀行・１７
1632,金融
1633,不動産
1651,大和高配４０
1652,大和ＷＩＮ
1653,大和ＥＳＧ
1654,大和ブロサム
1655,ｉＳＳＰ米国
1656,ｉＳ米国七十
1657,ｉＳＭ先進国
1658,ｉＳＭ新興国
1659,ｉＳ米リート
1660,ＭＸＳ高利Ｊ
1662,石油資源
1663,Ｋ＆Ｏエナジ
1671,ＷＴＩ原油
1672,金
1673,銀
1674,プラチナ
1675,パラジウム
1676,貴金属
1677,上場外債
1678,インドＮＩＦ
1679,ＮＹダウ
1680,上場ＭＳコク
1681,上場ＭＳエマ
1682,白金先物
1684,商品
1685,エナジー
1686,メタル
1687,アグリ
1688,穀物
1689,ガス
1690,原油
1691,ガソリン
1692,アルミ
1693,銅
1694,ニッケル
1695,小麦
1696,コーン
1697,大豆
1698,上場配当
1699,野村原油
1711,ＳＤＳＨＤ
1712,ダイセキＳ
1716,第一カッター
1717,明豊ファシリ
1718,美樹工業
1719,安藤ハザマ
1720,東急建設
1721,コムシスＨＤ
1723,日本電技
1724,シンクレイヤ
1726,Ｂｒ．ＨＤ
1730,麻生フオーム
1734,北弘電社
1736,オーテック
1738,ＮＩＴＴＯＨ
1739,メルディア
1743,コーアツ工業
1757,中小企業ＨＤ
1758,太洋基礎
1762,高松Ｇ
1764,工藤建設
1766,東建コーポ
1768,ソネック
1770,藤田エンジ
1771,日本乾溜
1775,ＦＦＥ＆Ｃ
1776,三住道路
1777,川崎設備
1780,ヤマウラ
1783,アジアゲート
1786,オリエン白石
1787,ナカボテック
1788,三東工業
1789,ＥＴＳＨＤ
1793,大本組
1795,マサル
1798,守谷商会
1799,第一建設
1801,大成建
1802,大林組
1803,清水建
1805,飛島建
1807,佐藤渡辺
1808,長谷工
1810,松井建
1811,銭高組
1812,鹿島
1813,不動テトラ
1814,大末建
1815,鉄建建設
1820,西松建
1821,三住建設
1822,大豊建
1826,佐田建
1827,ナカノフドー
1828,田辺工業
1832,北海電工
1833,奥村組
1835,東鉄工
1840,土屋ＨＤ
1841,サンユ建
1844,大盛工
1847,イチケン
1848,富士ＰＳ
1850,南海辰村
1852,浅沼組
1853,森組
1860,戸田建
1861,熊谷組
1866,北野建
1867,植木組
1869,名工建
1870,矢作建
1871,ＰＳ三菱
1873,日本ハウスＨ
1878,大東建
1879,新日本建
1882,東亜道
1884,日道路
1885,東亜建
1887,日本国土開発
1888,若築建
1890,東洋建
1892,徳倉建
1893,五洋建
1897,金下建
1898,世紀東急
1899,福田組
1904,大成温調
1905,テノックス
1909,日本ドライ
1911,住友林
1914,日基礎
1921,巴
1925,大和ハウス
1926,ライト工
1928,積水ハウス
1929,日特建
1930,北陸電工
1934,ユアテック
1938,日リーテック
1939,四電工
1941,中電工
1942,関電工
1944,きんでん
1945,東京エネシス
1946,トーエネク
1948,弘電社
1949,住友電設
1950,日本電設
1951,エクシオＧ
1952,新日空調
1954,日工営
1959,九電工
1960,サンテック
1961,三機工
1963,日揮ＨＤ
1964,中外炉
1965,テクノ菱和
1966,高田工
1967,ヤマト
1968,太平電
1969,高砂熱
1971,中央ビルト
1972,三晃金
1973,ＮＥＳＩＣ
1975,朝日工
1976,明星工
1979,大気社
1980,ダイダン
1981,協和日成
1982,日比谷設備
1992,神田通機
1994,高橋ウォール
1997,暁飯島
1999,サイタＨＤ
2001,ニップン
2002,日清粉Ｇ
2003,日東富士
2004,昭和産
2009,鳥越粉
2031,ハンセンブル
2032,ハンセンベア
2033,ＫＯＳＰブル
2034,ＫＯＳＰべア
2036,金ブル
2037,金ベア
2038,原油ブル
2039,原油ベア
2040,ＮＹダウブル
2041,ＮＹダウベア
2042,マザーズＥＴ
2043,アセアン５０
2044,米配当貴族
2045,シンガポール
2046,インドブル
2047,インドベア
2048,株高配当７０
2050,ニッチトップ
2053,中部飼
2055,日和産
2058,ヒガシマル
2060,フィードワン
2065,日本配当貴族
2066,東証リート
2067,野村ＡＩ７０
2068,高ベータ３０
2069,低ベータ５０
2070,ＥＳＧ女活躍
2071,ＥＳ３０総合
2072,トップシェア
2073,ＥＳＧ低カ
2107,東洋糖
2108,甜菜糖
2109,ＤＭ三井製糖
2112,塩水糖
2114,フジ日本
2117,日新製糖
2120,ＬＩＦＵＬＬ
2121,ミクシィ
2122,Ｉスペース
2124,ＪＡＣＲ
2127,Ｍ＆ＡＣＨ
2130,メンバーズ
2134,サンキャピタ
2136,ヒップ
2137,Ｈヴェラス
2138,クルーズ
2139,中広
2146,ＵＴグループ
2148,ＩＴＭ
2150,ケアネット
2152,幼児活動研究
2153,ＥＪＨＤ
2154,夢真ビネック
2156,セーラー広告
2157,コシダカＨＤ
2158,ＦＲＯＮＴＥ
2159,フルスピード
2160,ＧＮＩ
2162,ｎｍｓＨＤ
2163,アルトナー
2164,地域新聞社
2168,パソナ
2169,ＣＤＳ
2170,ＬＩＮＫ＆Ｍ
2172,インサイト
2173,博展
2175,ＳＭＳ
2176,イナリサーチ
2178,トライＳＴＧ
2179,成学社
2180,サニーサイド
2181,パーソルＨＤ
2183,リニカル
2185,シイエムシイ
2186,ソーバル
2191,テラ
2193,クックパッド
2195,アミタＨＤ
2196,エスクリ
2198,ＩＫＫＨＤ
2201,森永菓
2204,中村屋
2206,グリコ
2207,名糖産
2208,ブルボン
2209,井村屋Ｇ
2211,不二家
2212,山パン
2215,第一パン
2216,カンロ
2217,モロゾフ
2218,日糧パン
2220,亀田菓
2221,岩塚製菓
2222,寿スピリッツ
2224,コモ
2226,湖池屋
2229,カルビー
2264,森永乳
2266,六甲バタ
2267,ヤクルト
2268,サーティワン
2269,明治ＨＤ
2270,雪印メグ
2281,プリマ
2282,日ハム
2286,林兼
2288,丸大食
2291,福留ハム
2292,ＳＦＯＯＤＳ
2293,滝沢ハム
2294,柿安本店
2296,伊藤ハム米久
2300,きょくと
2301,学情
2303,ドーン
2304,ＣＳＳＨＤ
2305,Ｓアリス
2307,Ｃキャット
2309,シミックＨＤ
2311,エプコ
2315,ＣＡＩＣＡＤ
2317,システナ
2321,ソフトフロン
2323,ｆｏｎｆｕｎ
2325,ＮＪＳ
2326,デジアーツ
2327,ＮＳＳＯＬ
2329,東北新社
2330,フォーサイド
2331,ＡＬＳＯＫ
2332,クエスト
2334,イオレ
2335,キューブシス
2337,いちご
2338,クオンタム
2340,極楽湯ＨＤ
2341,アルバイトＴ
2342,トランスＧ
2344,平安レイ
2345,クシム
2349,ＮＩＤ
2351,ＡＳＪ
2352,ワオワールド
2353,日駐
2354,ＹＥＤＩＧＩ
2359,コア
2370,ＭＤＮＴ
2371,カカクコム
2372,アイロムＧ
2373,ケア２１
2374,セントケアＨ
2375,ギグワークス
2376,サイネックス
2378,ルネサンス
2379,ディップ
2384,ＳＢＳＨＤ
2385,総医研ＨＤ
2388,ウェッジＨＤ
2389,デジタルＨＤ
2391,プラネット
2393,日本ケア
2395,新日科学
2397,ＤＮＡ研
2402,アマナ
2404,鉄人化
2406,アルテＨＤ
2408,ＫＧ情報
2410,キャリアデ
2411,ゲンダイＡＧ
2412,ベネ・ワン
2413,エムスリー
2415,ヒューマンＨ
2418,ツカダＧＨ
2424,ブラス
2425,ケアサービス
2427,アウトソシン
2428,ウェルネット
2429,ワールドＨＤ
2432,ＤｅＮＡ
2433,博報堂ＤＹ
2435,シダー
2436,共同ＰＲ
2437,シンワＷＨ
2438,アスカネット
2440,ぐるなび
2445,タカミヤ
2449,プラップＪ
2453,ＪＢＲ
2454,Ａアバウト
2459,アウン
2461,ファンコミ
2462,ライク
2464,ＢＢＴ
2467,バルクＨＤ
2468,フュトレック
2469,ヒビノ
2471,エスプール
2475,ＷＤＢ
2477,手間いらず
2479,ジェイテック
2480,シスロケ
2481,タウンニュス
2483,翻訳センター
2484,出前館
2485,ティア
2487,ＣＤＧ
2488,ＪＴＰ
2489,ＡＤＷＡＹＳ
2491,Ｖコマース
2492,インフォＭＴ
2493,イーサポート
2497,ユナイテッド
2498,オリコンＨＤ
2499,日本和装
2501,サッポロＨＤ
2502,アサヒ
2503,キリンＨＤ
2510,国内債券
2511,外国債券
2512,外債ヘッジ
2513,外国株式
2514,外株ヘッジ
2515,外国リート
2516,マザーズＥＴ
2517,Ｊリートコア
2518,女性活躍
2519,新興債Ｈなし
2520,新興株Ｈなし
2521,上場米Ｈあり
2522,ｉＳロボ
2523,ＭＸト除金融
2524,ＮＺＴＰＸ
2525,ＮＺ２２５
2526,ＮＺＪＰＸ
2527,ＮＺＲコア
2528,大和Ｒコア
2529,株主還元７０
2530,上海１８０Ａ
2531,宝ＨＬＤ
2533,オエノンＨＤ
2540,養命酒
2551,マルサンアイ
2552,ＪリートＭ
2553,南方中国Ａ株
2554,米社債１０
2555,東証ＲＥＩＴ
2556,Ｏｎｅリート
2557,ＳＤトピクス
2558,ＭＸＳ米国株
2559,ＭＸＳ全世界
2560,ＭＸＳカボン
2561,ｉＳ日本国債
2562,上場ダウ
2563,ｉＳ５米為あ
2564,ＧＸスーパー
2565,ＧＸロジＪ
2566,上場ＥＳＧ
2567,ＮＺカーボン
2568,上場ＮＱ為な
2569,上場ＮＱ為あ
2573,北海コカ
2579,コカコーラ
2585,ライドリＣ
2586,フルッタＦ
2587,サントリＢＦ
2588,プレミアムＷ
2590,ＤｙＤｏ
2593,伊藤園
2594,キーコーヒ
2597,ユニカフェ
2599,ジャパンＦ
2602,日清オイリオ
2607,不二製油Ｇ
2612,かどや製油
2613,Ｊオイル
2620,ｉＳ米債
2621,ｉＳ米債２０
2622,ｉＳ新興債
2623,ｉユーロ社債
2624,ｉ２２５年４
2625,ｉＴＰＸ年４
2626,デジタル日株
2627,ｅコマ日株
2628,ｉＦ中科創板
2629,ｉＦ中ＧＢＡ
2630,ＭＸＳ米株あ
2631,ＭＸＳナス
2632,ＭＸＳナスあ
2633,ＳＰ５為な
2634,ＳＰ５為あ
2635,ＥＳＧ連動
2636,ＧＸガバ日
2637,ＧＸクリ日
2638,ロボＡＩ日株
2639,ＧＸＢＭ日株
2640,ＧＸＧＡ日株
2641,ＧＬＥＳＴ日
2642,カーボンエフ
2643,ジャパンＣＬ
2644,ＧＸ半導体
2645,ＧＸレジャー
2646,ＧＸメタル
2647,米債ヘッジ無
2648,米債ヘッジあ
2649,ジニメイ為有
2651,ローソン
2652,まんだらけ
2653,イオン九州
2654,アスモ
2656,ベクター
2659,サンエー
2664,カワチ薬品
2666,オートウェブ
2667,イメージワン
2668,タビオ
2669,カネ美食品
2670,ＡＢＣマート
2673,夢みつけ隊
2674,ハードオフ
2676,高千穂交
2678,アスクル
2681,ゲオＨＤ
2683,魚喜
2685,アダストリア
2686,ジーフット
2687,ＣＶＳベイ
2689,オルバＨＣＨ
2692,伊藤忠食品
2693,ＹＫＴ
2694,焼肉坂井ＨＤ
2695,くら寿司
2698,キャンドゥ
2700,木徳神糧
2702,マクドナルド
2705,大戸屋ＨＤ
2706,ブロッコリー
2708,久世
2715,エレマテック
2721,ＪＨＤ
2722,アイケイ
2726,パルＧＨ
2729,ＪＡＬＵＸ
2730,エディオン
2733,あらた
2734,サーラ
2735,ワッツ
2736,フェスタリア
2737,トーメンデバ
2742,ハローズ
2743,ピクセル
2747,北雄ラッキー
2749,ＪＰＨＤ
2750,石光商事
2751,テンポスＨＤ
2752,フジオフード
2753,あみやき
2754,東葛ＨＤ
2760,東エレデバ
2761,トシンＧ
2762,ＳＡＮＫＯ
2763,エフティＧ
2764,ひらまつ
2767,フィールズ
2768,双日
2769,ヴィレッジＶ
2773,ミュチュアル
2776,新都ＨＤ
2777,カッシーナ
2778,パレモＨＤ
2780,コメ兵ＨＤ
2782,セリア
2784,アルフレッサ
2788,アップル
2789,カルラ
2790,ナフコ
2791,大黒天
2792,ハニーズＨＤ
2795,プリメックス
2796,ファマライズ
2798,Ｙ’ｓ
2801,キッコマン
2802,味の素
2804,ブルソス
2805,ヱスビー
2806,ユタカフーズ
2809,キユーピ
2810,ハウス食Ｇ
2811,カゴメ
2812,焼津水化
2813,和弘食品
2814,佐藤食品
2815,アリアケ
2816,ダイショー
2818,ピエトロ
2819,エバラ食品
2820,やまみ
2830,アヲハタ
2831,はごろも
2836,Ｇフィンテ
2837,Ｇ中小リーダ
2838,米債１０ヘ無
2839,米債１０ヘ有
2840,Ｑ１００Ｈ無
2841,Ｑ１００Ｈ有
2842,Ｑインバース
2843,豪債ヘ有
2844,豪債ヘ無
2845,ＮＸＱヘ有
2846,ＮＸダウヘ有
2847,成長イン日株
2848,気候変動日株
2849,ＭＳ高配当日
2871,ニチレイ
2872,セイヒョー
2874,ヨコレイ
2875,東洋水産
2876,デルソーレ
2877,日東ベスト
2882,イトアンＨＤ
2883,大冷
2884,ヨシムラＦＨ
2892,日食品
2894,石井食
2897,日清食ＨＤ
2899,永谷園ＨＤ
2901,石垣食品
2902,太陽化
2903,シノブフーズ
2904,一正蒲鉾
2905,オーケー食
2907,あじかん
2908,フジッコ
2910,ロックフィル
2911,旭松食品
2914,ＪＴ
2915,ケンコーマヨ
2916,仙波糖化
2917,大森屋
2918,わらべや日洋
2919,マルタイ
2922,なとり
2923,サトウ食品
2924,イフジ産業
2925,ピックルス
2926,篠崎屋
2927,ＡＦＣＨＤ
2928,ＲＩＺＡＰ
2929,ファーマＦ
2930,北の達人
2931,ユーグレナ
2932,ＳＴＩフード
2933,紀文食品
2934,Ｊフロンティ
2961,日本調理機
2970,グッドライフ
2971,エスコンＪＰ
2972,サンケイＲＥ
2974,大英産業
2975,スターマイカ
2976,Ｎグランデ
2978,ツクルバ
2979,ＳＯＳｉＬＡ
2980,ＳＲＥＨＤ
2981,ランディクス
2982,ＡＤワークＧ
2983,アールプラン
2986,ＬＡＨＤ
2987,タスキ
2989,東海道リート
2991,ランドネット
2993,長栄
3001,片倉
3002,グンゼ
3003,ヒューリック
3004,神栄
3010,ポラリスＨＤ
3011,バナーズ
3020,アプライド
3021,ＰＣＮＥＴ
3023,ラサ商事
3024,クリエイト
3028,アルペン
3030,ハブ
3031,ラクーンＨＤ
3032,ゴルフドゥ
3034,クオールＨＤ
3035,ＫＴＫ
3036,アルコニクス
3038,神戸物産
3040,ソリトン
3041,ビ花壇
3042,セキュアヴェ
3045,カワサキ
3046,ジンズＨＤ
3047,トラックワン
3048,ビックカメラ
3050,ＤＣＭ
3053,ペッパー
3054,ハイパー
3055,ほくたけ
3057,ゼットン
3058,三洋堂ＨＤ
3059,ヒラキ
3063,ＪグループＨ
3064,ＭＲＯ
3065,ライフフーズ
3066,ＪＢイレブン
3067,東京一番
3068,ＷＤＩ
3069,ＪＦＬＡＨＤ
3070,アマガサ
3071,ストリーム
3073,ＤＤＨＤ
3075,銚子丸
3076,あいＨＤ
3077,ホリイフード
3079,ＤＶｘ
3080,ジェーソン
3082,きちりＨＤ
3083,シーズメン
3085,ＡＬサービス
3086,Ｊフロント
3087,ドトル日レス
3088,マツキヨココ
3089,テクノアルフ
3091,ブロンコＢ
3092,ＺＯＺＯ
3093,トレファク
3094,スーパーＶ
3096,オーシャン
3097,物語コーポ
3099,三越伊勢丹
3101,東洋紡
3103,ユニチカ
3104,富士紡ＨＤ
3105,日清紡ＨＤ
3106,クラボウ
3107,ダイワボＨＤ
3109,シキボウ
3110,日東紡
3111,オーミケン
3113,Ｏａｋ
3116,トヨタ紡織
3121,マーチャント
3123,サイボー
3131,シンデンハイ
3132,マクニカ富士
3133,海帆
3134,Ｈａｍｅｅ
3135,Ｍエンター
3136,エコノス
3137,ファンデリー
3138,富士マガジン
3139,ラクトＪ
3140,ＢＲＵＮＯ
3141,ウエルシアＨ
3143,オーウイル
3148,クリエイトＨ
3150,グリムス
3151,バイタルＫＳ
3153,八洲電機
3154,メディアスＨ
3156,レスターＨＤ
3157,ジューテック
3159,丸善ＣＨＩ
3160,大光
3161,アゼアス
3166,ＯＣＨＩＨＤ
3167,ＴＯＫＡＩＨ
3168,黒谷
3169,ミサワ
3172,ティーライフ
3173,Ｃｏｍｉｎｉ
3174,ハピネス＆Ｄ
3175,ＡＰＨＤ
3176,三洋貿易
3177,ありがとうＳ
3178,チムニー
3179,シュッピン
3180,Ｂガレージ
3181,買取王国
3182,オイラ大地
3183,ウインパトナ
3184,ＩＣＤＡ
3185,夢展望
3186,ネクステージ
3187,サンワＣ
3189,ＡＮＡＰ
3190,ホットマン
3191,ジョイ本田
3192,白鳩
3193,鳥貴族ＨＤ
3195,ジェネパ
3196,ホットランド
3197,すかいらくＨ
3198,ＳＦＰＨＤ
3199,綿半ＨＤ
3201,ニッケ
3202,ダイトウボウ
3204,トーア紡
3205,ダイドー
3221,ヨシックスＨ
3222,ＵＳＭＨ
3223,ＳＬＤ
3224,Ｇオイスター
3226,アコモＦ
3228,三栄建築
3231,野村不ＨＤ
3232,三重交通ＨＤ
3234,森ヒルズ
3236,プロパスト
3237,イントランス
3238,セントラル総
3241,ウィル
3242,アーバネット
3244,サムティ
3245,ディアライフ
3246,コーセーＲＥ
3248,アールエイジ
3249,産業ファ
3252,地主
3254,プレサンス
3260,エスポア
3261,グラン
3264,アスコット
3266,ファンドクリ
3267,フィルＣ
3269,ＡＤＲ
3271,グロバル社
3275,ハウスコム
3276,日本管理
3277,サンセイＬ
3278,ケネディレジ
3279,ＡＰＩ
3280,エストラスト
3281,ＧＬＰ
3282,コンフォリア
3283,プロロジ
3284,フージャース
3286,トラストＨＤ
3287,星野リゾート
3288,オプンハウス
3289,東急不ＨＤ
3290,Ｏｎｅリート
3291,飯田ＧＨＤ
3292,イオンリート
3293,アズマハウス
3294,イーグランド
3295,ヒュリックＲ
3296,日本リート
3297,東武住販
3299,ムゲンエステ
3300,アンビＤＸＨ
3302,帝繊維
3306,日製麻
3309,積水ハウスＲ
3315,日本コークス
3316,東日システム
3317,フライングＧ
3319,ＧＤＯ
3320,クロスプラス
3321,ミタチ産業
3322,アルファＧ
3323,レカム
3326,ランシステム
3328,ＢＥＥＮＯＳ
3329,東和フード
3333,あさひ
3341,日本調剤
3346,２１ＬＡＤＹ
3347,トラスト
3349,コスモス薬
3350,ＲＥＤ
3352,バッファロー
3353,メディ一光Ｇ
3355,クリヤマＨＤ
3356,テリロジー
3358,ＹＳフード
3359,ｃｏｔｔａ
3360,シップＨＤ
3361,トーエル
3370,フジタコーポ
3371,ソフトクリＨ
3372,関門海
3374,内外テック
3375,ＺＯＡ
3377,バイク王
3382,７＆ｉＨＤ
3384,アークコア
3386,コスモバイオ
3387,クリレスＨＤ
3388,明治電機
3390,ＩＮＥＳＴ
3391,ツルハＨＤ
3392,デリカＦＨ
3393,スタティアＨ
3395,サンマルクＨ
3396,フェリシモ
3397,トリドールＨ
3399,山岡家
3401,帝人
3402,東レ
3405,クラレ
3407,旭化成
3409,北日紡
3415,ＴＢＡＳＥ
3416,ピクスタ
3417,大木ヘルス
3418,バルニバービ
3419,アートＧ
3420,ＫＦＣ
3421,稲葉製作
3422,丸順
3423,エスイー
3426,アトムリビン
3431,宮地エンジ
3433,トーカロ
3434,アルファＣｏ
3435,サンコテクノ
3436,ＳＵＭＣＯ
3437,特殊電極
3439,三ツ知
3440,日創プロ
3441,山王
3442,ＭＩＥコーポ
3443,川田ＴＥＣＨ
3444,菊池製作所
3445,ＲＳＴＥＣＨ
3446,ＪＴＥＣ
3447,信和
3449,テクノフレ
3451,トーセイＲ
3452,ビーロット
3453,ケネディ商業
3454,Ｆブラザーズ
3455,ＨＣＭ
3457,ＡｎｄＤｏ
3458,ＣＲＥ
3459,サムティレジ
3461,パルマ
3462,ＮＭＦ
3463,いちごホテル
3464,プロパティＡ
3465,ＫＩスター不
3466,ラサールロジ
3467,アグレ都市
3468,スターアジア
3469,デュアルタプ
3470,マリモリート
3471,三井不ロジ
3472,大江戸温泉
3474,ＧＦＡＣ
3475,グッドコムＡ
3476,投資みらい
3477,Ｆライフ
3478,森トラホテル
3479,ＴＫＰ
3480,ＪＳＢ
3481,三菱地所物流
3482,ロードスター
3484,テンポイノベ
3486,ＧＬＭ
3487,ＣＲＥロジ
3488,ザイマックス
3489,フェイスＮＷ
3490,アズ企画
3491,ＧＡＴＥＣＨ
3492,タカラリート
3493,ＩＡＬ
3494,マリオン
3495,香陵住販
3496,アズーム
3497,ＬｅＴｅｃｈ
3498,霞ヶ関キャピ
3501,住江織
3504,丸八ＨＤ
3512,フエルト
3513,イチカワ
3521,エコナクＨＤ
3524,日東網
3526,芦森工
3528,ミライノベト
3529,アツギ
3536,アクサスＨＤ
3537,昭栄薬品
3538,ウイルプラス
3539,ＪＭＨＤ
3540,歯愛メディ
3541,農業総合研
3542,ＶＥＧＡ
3543,コメダ
3544,サツドラＨＤ
3546,アレンザＨＤ
3547,串カツ田中
3548,バロック
3549,クスリアオキ
3550,Ｓアタオ
3551,ダイニク
3553,共和レザ
3556,リネットＪ
3557,Ｕ＆Ｃ
3558,ロコンド
3559,ピーバン
3560,ほぼ日
3561,力の源ＨＤ
3562,Ｎｏ．１
3563,Ｆ＆ＬＣ
3565,アセンテック
3566,ユニフォムＮ
3569,セーレン
3571,ソトー
3577,東海染工
3578,倉庫精
3580,小松マテレ
3583,オーベクス
3591,ワコールＨＤ
3593,ホギメディ
3597,自重堂
3598,山喜
3600,フジックス
3604,川本産業
3607,クラウディＨ
3608,ＴＳＩＨＤ
3611,マツオカ
3612,ワールド
3622,ネットイヤー
3623,ビリングＳ
3624,アクセルＭ
3625,テックファム
3626,ＴＩＳ
3627,ＪＮＳ
3628,データＨＲ
3632,グリー
3633,ＧＭＯペパボ
3634,ソケッツ
3635,コーエテクモ
3636,三菱総研
3639,ボルテージ
3640,電算
3641,パピレス
3645,メディカルＮ
3646,駅探
3647,ジースリーＨ
3648,ＡＧＳ
3649,ファインＤ
3652,ＤＭＰ
3653,モルフォ
3655,ブレインＰ
3656,ＫＬａｂ
3657,ポールＨＤ
3659,ネクソン
3660,アイスタイル
3661,エムアップＨ
3662,エイチーム
3663,アートスパク
3664,モブキャスＨ
3665,エニグモ
3666,テクノスＪ
3667,ｅｎｉｓｈ
3668,コロプラ
3670,協立情報通信
3671,ソフトＭＡＸ
3672,オルトプラス
3673,ブロドリーフ
3674,オークファン
3675,クロスマーケ
3676,デジハＨＤ
3677,システム情報
3678,メディアドゥ
3679,じげん
3680,ホットリンク
3681,Ｖキューブ
3682,エンカレッジ
3683,サイバーＬ
3686,ＤＬＥ
3687,Ｆスターズ
3688,ＣＡＲＴＡＨ
3690,イルグルム
3691,Ｒワールド
3692,ＦＦＲＩ
3694,オプティム
3695,ＧＭＯリサチ
3696,セレス
3697,ＳＨＩＦＴ
3698,ＣＲＩＭＷ
3708,特種東海
3710,ジョルダン
3712,情報企画
3719,ジェクシード
3723,ファルコム
3726,フォシズＨＤ
3727,ＡＰＬＩＸ
3733,ソフトウェア
3738,ティーガイア
3739,コムシード
3741,セック
3744,サイオス
3747,インタトレド
3750,ＦＲＡＣＴＡ
3753,フライト
3758,アエリア
3760,ケイブ
3762,テクマト
3763,プロシップ
3765,ガンホー
3766,システムズＤ
3768,リスクモンス
3769,ＧＭＯＰＧ
3770,ザッパラス
3771,Ｓリサーチ
3772,ウェルス
3773,ＡＭＩ
3774,ＩＩＪ
3775,ガイアックス
3776,ＢＢタワー
3777,ＦＨＴＨＤ
3778,さくら
3779,ＪエスコムＨ
3782,ＤＤＳ
3784,ヴィンクス
3787,テクノマセ
3788,ＧＭＯＧＨＤ
3791,ＩＧポート
3793,ドリコム
3796,いい生活
3798,ＵＬＳグルプ
3799,キーウェア
3800,ユニリタ
3802,エコミック
3803,イメージ情報
3804,システムＤ
3807,フィスコ
3808,ＯＫ
3810,サイバーＳ
3814,アルファクス
3815,メディア
3816,大和コン
3817,ＳＲＡＨＤ
3823,ＷＨＹＨＤ
3824,メディア５
3825,リミックス
3826,ＳＩ
3830,ギガプライズ
3834,朝日ネット
3835,ｅＢＡＳＥ
3836,アバント
3837,アドソル
3839,ＯＤＫ
3840,パス
3841,ジーダット
3842,ネクストＧ
3843,フリービット
3844,コムチュア
3845,アイフリーク
3847,パシフィクＳ
3848,データアプリ
3849,ＮＴＬ
3850,ＮＴＴＤＩＭ
3851,日本一Ｓ
3852,サイバーコム
3853,アステリア
3854,アイル
3856,Ａｂａｌａｎ
3857,ラック
3858,ユビキタＡＩ
3861,王子ＨＤ
3863,日本紙
3864,三菱紙
3865,北越コーポ
3877,中越パ
3878,巴川紙
3880,大王紙
3891,高度紙
3892,岡山製紙
3895,ハビックス
3896,阿波製紙
3900,クラウドＷ
3901,Ｍラインズ
3902,ＭＤＶ
3903,ｇｕｍｉ
3904,カヤック
3905,Ｄセクション
3906,ＡＬＢＥＲＴ
3907,シリコンＳ
3908,コラボス
3909,ショーケース
3910,ＭＫシステム
3911,Ａｉｍｉｎｇ
3912,モバファク
3913,ｓＭｅｄｉｏ
3914,ＪＩＧＳＡＷ
3915,テラスカイ
3916,ＤＩＴ
3917,アイリッジ
3918,ＰＣＩＨＤ
3919,パイプドＨＤ
3920,アイビーシー
3921,ネオジャパン
3922,ＰＲＴＩＭＥ
3923,ラクス
3924,ランドＣ
3925,ダブルスタン
3926,オープンドア
3927,フーバーＢ
3928,マイネット
3929,Ｓワイヤー
3930,はてな
3931,バリュゴルフ
3932,アカツキ
3933,チエル
3934,ベネフィット
3935,エディア
3936,グロバウェイ
3937,Ｕｂｉｃｏｍ
3939,カナミックＮ
3940,ノムラシス
3941,レンゴー
3943,大石産業
3944,古林紙
3945,スパバッグ
3946,トーモク
3947,ダイナパック
3948,光ビジ
3950,ザパック
3951,朝日印刷
3952,中央紙器
3953,大村紙業
3954,ＰＡＸＸＳ
3955,イムラ封筒
3960,バリューＤ
3961,シルバエッグ
3962,チェンジ
3963,シンクロＦ
3964,オークネット
3965,ＣＡＰ
3966,ユーザベース
3967,エルテス
3968,セグエ
3969,エイトレッド
3970,イノベション
3974,ＴＢＣＳＣＡ
3976,シャノン
3977,フュージョン
3978,マクロミル
3979,うるる
3981,ビーグリー
3983,オロ
3984,ユーザーＬ
3985,テモナ
3986,ビーブレイク
3987,エコモット
3988,ＳＹＳＨＤ
3989,シェアＲＴ
3990,ＵＵＵＭ
3991,ウォンテッド
3992,ニーズウェル
3993,ＰＫＳＨＡ
3994,Ｍフォワード
3995,ＳＫＩＹＡＫ
3996,サインポスト
3997,トレドワクス
3998,すららネット
3999,ナレッジＳ
4004,昭電工
4005,住友化
4008,住友精化
4011,ヘッドウォー
4012,アクシス
4013,勤次郎
4014,カラダノート
4015,アララ
4016,ＭＩＴＨＤ
4017,クリーマ
4018,ジオロケ
4019,スタメン
4020,ビートレンド
4021,日産化
4022,ラサ工
4023,クレハ
4025,多木化
4026,神島化工
4027,テイカ
4028,石原産
4031,片倉コープ
4041,日曹達
4042,東ソー
4043,トクヤマ
4044,セ硝子
4045,東合成
4046,大阪ソーダ
4047,関電化
4051,ＧＭＯＦＧ
4052,フィーチャ
4053,サンアスタ
4054,日本情報Ｃ
4055,Ｔ＆Ｓ
4056,ニューラル
4057,インタファク
4058,トヨクモ
4059,まぐまぐ
4060,ｒａｋｕｍｏ
4061,デンカ
4062,イビデン
4063,信越化
4064,カーバイド
4068,ベイシス
4069,ＢｌｕｅＭｅ
4071,Ｐアルファ
4072,電算システム
4073,ＧＣ企画
4074,ラキール
4075,ブレインテク
4076,ＣＮＳ
4078,堺化学
4080,田中化研
4082,稀元素
4088,エアウォータ
4091,日本酸素ＨＤ
4092,日本化
4093,アセチレン
4094,日化産
4095,パカライ
4097,高圧ガス
4098,チタン工
4099,四国化
4100,戸田工
4102,丸尾カ
4107,伊勢化
4109,ステラケミフ
4112,保土谷化
4113,田岡化
4114,日触媒
4116,大日精化
4118,カネカ
4119,ピグメント
4120,スガイ化
4124,大阪油化工業
4125,三和油化工
4151,協和キリン
4165,プレイド
4166,かっこ
4167,ココペリ
4168,ヤプリ
4169,ＥＮＥＣＨＡ
4170,Ｋａｉｚｅｎ
4171,グローバルＩ
4172,東和ハイシス
4173,ＷＡＣＵＬ
4174,アピリッツ
4175,ｃｏｌｙ
4176,ココナラ
4177,ｉｐｌｕｇ
4178,Ｓイノベ
4179,ジーネクスト
4180,Ａｐｐｉｅｒ
4182,菱ガス化
4183,三井化学
4185,ＪＳＲ
4186,東応化
4187,大有機化
4188,三菱ケミＨＤ
4189,ＫＨネオケム
4192,スパイダー
4193,ファブリカ
4194,ビジョナル
4196,ネオマーケ
4198,テンダ
4199,ワンダープラ
4200,ＨＣＳＨＤ
4202,ダイセル
4203,住友ベ
4204,積水化
4205,ゼオン
4206,アイカ工
4208,宇部興
4212,積樹脂
4215,タキロンＣＩ
4216,旭有機材
4218,ニチバン
4220,リケンテクノ
4221,大倉工
4222,児玉化
4224,ロンシル
4228,積化成
4229,群栄化
4231,タイガーポリ
4234,サンエー化研
4235,ＵＦＨＤ
4237,フジプレアム
4238,ミライアル
4240,クラスターＴ
4241,アテクト
4242,タカギセイコ
4243,ニックス
4245,ダイキアクシ
4246,ＤＮＣ
4247,ポバール興業
4248,竹本容器
4249,森六
4250,フロンティア
4251,恵和
4255,ＴＨＥＣＯＯ
4256,サインド
4258,網屋
4259,エクサウィ
4260,ハイブテクノ
4261,アジアクエス
4262,ニフティＬ
4263,サスメド
4264,セキュア
4265,ＩＧＳ
4267,ライトワクス
4268,エッジテクノ
4270,ＢｅｅＸ
4272,日化薬
4274,細谷火工
4275,カーリットＨ
4284,ソルクシーズ
4286,ＣＬＨ
4287,ジャストプラ
4288,アズジェント
4290,ＰＩ
4293,セプテーニＨ
4295,フェイス
4298,プロトコーポ
4299,ハイマックス
4301,アミューズ
4304,Ｅストアー
4307,ＮＲＩ
4308,Ｊストリーム
4310,ドリームＩ
4312,サイバネット
4316,ビーマップ
4317,レイ
4318,クイック
4319,ＴＡＣ
4320,ＣＥＨＤ
4323,日シス技術
4324,電通グループ
4326,インテージＨ
4327,ＳＨＬ
4331,Ｔ＆Ｇニーズ
4333,東邦システム
4334,ユークス
4335,ＩＰＳ
4337,ぴあ
4341,西菱電機
4343,イオンファン
4344,ソースネクス
4345,ＣＴＳ
4346,ネクシィーズ
4347,ブロメディア
4348,インフォコム
4349,テスク
4350,メディシス
4351,山田債権
4355,ロングライフ
4356,応用技術
4360,マナックケミ
4361,川口化
4362,日精化
4365,松本油脂
4366,ダイトーケミ
4367,広栄化学
4368,扶桑化学
4369,トリケミカル
4370,モビルス
4371,ＣＣＴ
4372,ユミルリンク
4373,シンプレＨＤ
4374,ロボペイ
4375,セーフィー
4376,くふうカンパ
4377,ワンキャリア
4378,ＣＩＮＣ
4379,フォトシンス
4380,Ｍマート
4381,ビープラッツ
4382,ＨＥＲＯＺ
4384,ラクスル
4385,メルカリ
4386,ＳＩＧＧ
4387,ＺＵＵ
4388,エーアイ
4389,プロパティＤ
4390,ｉｐｓ
4391,ロジザード
4392,ＦＩＧ
4393,バンクイノベ
4394,Ｅモーション
4395,アクリート
4396,システムサポ
4397,チームスピリ
4398,ＢＢＳｅｃ
4401,ＡＤＥＫＡ
4403,日油
4404,ミヨシ油
4406,新日理化
4409,東邦化
4410,ハリマ化成Ｇ
4412,サイエンスＡ
4413,ボードルア
4414,フレクト
4415,ブロドエンタ
4416,ＴｒｕｅＤ
4417,グローセキュ
4418,ＪＤＳＣ
4419,Ｆｉｎａｔｅ
4420,イーソル
4421,ＤＩシステム
4422,ＶＡＬＵＥＮ
4423,アルテリア
4424,Ａｍａｚｉａ
4425,Ｋｕｄａｎ
4427,ＥｄｕＬａｂ
4428,シノプス
4429,リックソフト
4430,東海ソフト
4431,スマレジ
4432,ウイングＡ
4433,ヒトコムＨＤ
4434,サーバーＷ
4435,カオナビ
4436,ミンカブ
4437,ＧＤＨ
4438,Ｗｅｌｂｙ
4439,東名
4440,ヴィッツ
4441,トビラＳ
4442,バルテス
4443,Ｓａｎｓａｎ
4444,インフォＮ
4445,リビンテクノ
4446,ＬｉｎｋＵ
4447,ＰＢシステム
4448,Ｃｈａｔｗ
4449,ギフティ
4450,ＰＳＯＬ
4452,花王
4461,一工薬
4462,石原ケミカル
4463,日華化
4464,ソフト９９
4465,ニイタカ
4471,三洋化
4475,ＨＥＮＮＧＥ
4476,ＡＩＣＲＯＳ
4477,ＢＡＳＥ
4478,フリー
4479,マクアケ
4480,メドレー
4481,ベース
4482,ウィルズ
4483,ＪＭＤＣ
4484,ランサーズ
4485,ＪＴＯＷＥＲ
4486,ユナイトＧ
4487,スペスマーケ
4488,ＡＩインサイ
4489,ペイロール
4490,ビザスク
4491,Ｃマネージ
4492,ゼネテック
4493,Ｓセキュリ
4494,バリオセキュ
4495,アイキューブ
4496,コマースワン
4498,サイバートラ
4499,Ｓｐｅｅｅ
4502,武田薬
4503,アステラス薬
4506,大日住薬
4507,塩野義薬
4512,わかもと
4516,日本新薬
4519,中外薬
4521,科研薬
4523,エーザイ
4524,仁丹
4526,理ビタ
4527,ロート
4528,小野薬
4530,久光薬
4531,有機薬
4534,持田薬
4536,参天薬
4538,扶桑薬
4539,ケミファ
4540,ツムラ
4541,日医工
4543,テルモ
4544,ＨＵＧＨＤ
4547,キッセイ薬
4548,生化学
4549,栄研化
4550,日水薬
4551,鳥居薬
4552,ＪＣＲファマ
4553,東和薬品
4554,富士製薬
4556,カイノス
4558,中京医薬
4559,ゼリア新薬
4563,アンジェス
4564,ＯＴＳ
4565,そーせい
4568,第一三共
4569,キョーリンＨ
4570,免疫生物研究
4571,ナノキャリア
4572,カルナバイオ
4574,大幸薬品
4575,キャンバス
4576,ＤＷＴＩ
4577,ダイト
4578,大塚ＨＤ
4579,ラクオリア薬
4581,大正薬ＨＤ
4582,シンバイオ薬
4583,カイオム
4584,キッズウェル
4586,メドレックス
4587,ペプチドリム
4588,オンコリスＢ
4591,リボミック
4592,サンバイオ
4593,ヘリオス
4594,ブライトパス
4595,ミズホメディ
4596,窪田製薬
4597,ソレイジア
4598,ＤｅｌｔａＦ
4599,ステムリム
4611,大日塗
4612,日ペイントＨ
4613,関西ペ
4615,神東塗
4616,川上塗
4617,中国塗
4619,日特塗
4620,藤倉化
4621,ロックペイン
4623,アサヒペ
4624,イサム塗
4625,アトミクス
4626,太陽ＨＤ
4627,ナトコ
4628,エスケー化研
4629,大伸化学
4631,ＤＩＣ
4633,サカタインク
4634,洋インキＨＤ
4635,東インキ
4636,Ｔ＆Ｋ
4641,アルプス技
4642,オリジナル設
4644,イマジニア
4645,市進ＨＤ
4650,ＳＤエンター
4651,サニックス
4653,ダイオーズ
4657,環境管理
4658,日本空調
4659,エイジス
4661,ＯＬＣ
4662,フォーカス
4664,ＲＳＣ
4665,ダスキン
4666,パーク２４
4667,アイサンテク
4668,明光ネット
4671,ファルコＨＤ
4673,川崎地質
4674,クレスコ
4676,フジＨＤ
4678,秀英
4679,田谷
4680,ラウンドワン
4681,リゾートトラ
4684,オービック
4685,菱友システム
4686,ジャスト
4687,ＴＤＣソフト
4689,ＺＨＤ
4690,日パレット
4691,ワシントンＨ
4694,ＢＭＬ
4699,ウチダエスコ
4704,トレンド
4705,クリップ
4707,キタック
4708,りらいあ
4709,ＩＤＨＤ
4712,ＫｅｙＨ
4714,リソー教育
4716,日本オラクル
4718,早稲アカ
4719,アルファシス
4720,城南進研
4722,フューチャー
4725,ＣＡＣＨ
4726,ＳＢテクノ
4728,トーセ
4732,ＵＳＳ
4733,ＯＢＣ
4735,京進
4736,日本ラッド
4739,ＣＴＣ
4743,ＩＴＦＯＲ
4745,東京個別
4746,東計電算
4748,構造計画
4750,ダイサン
4751,サイバー
4752,昭和シス
4754,トスネット
4755,楽天グループ
4760,アルファ
4761,さくらＫＣＳ
4762,ＸＮＥＴ
4763,Ｃ＆Ｒ社
4765,Ｍスター
4766,ピーエイ
4767,ＴＯＷ
4768,大塚商会
4769,インフォクリ
4770,エルミック
4771,Ｆ＆Ｍ
4772,ストリームＭ
4776,ＣＹＢＯＺＵ
4777,ガーラ
4781,日本ハウズ
4783,日ダイナミク
4784,ＧＭＯＡＰ
4792,山田コンサル
4800,オリコン
4801,セントラルＳ
4809,パラカ
4812,ＩＳＩＤ
4813,ＡＣＣＥＳＳ
4814,ネクスウェア
4816,東映アニメ
4819,Ｄガレージ
4820,ＥＭシステム
4824,メディアＳ
4825,ＷＮＩウェザ
4826,ＣＩＪ
4827,ＢワンＨＤ
4828,ビジネスＥ
4829,日本エンタ
4832,ＪＦＥ?ＳＩ
4833,サクセスＨ
4834,キャリアＢ
4837,シダックス
4838,Ｓシャワー
4839,ＷＯＷＯＷ
4840,トライアイズ
4845,スカラ
4847,ＩＷＩ
4848,フルキャスＨ
4849,エンジャパン
4875,メディシノバ
4880,セルソース
4881,ファンペップ
4882,ペルセウスＰ
4883,モダリス
4884,クリングル
4885,室町ケミカル
4886,あすか製薬Ｈ
4887,サワイＧＨＤ
4888,ステラファー
4889,レナサイエン
4901,富士フイルム
4902,コニカミノル
4911,資生堂
4912,ライオン
4914,高砂香
4917,マンダム
4918,アイビー
4919,ミルボン
4920,日本色材
4921,ファンケル
4922,コーセー
4923,コタ
4925,ＨＡＢＡ
4926,シーボン
4927,ポーラオルＨ
4928,ノエビアＨＤ
4929,アジュバンＨ
4930,グラフィコ
4931,新日本製薬
4932,アルマード
4933,Ｉｎｅ
4934,Ｐアンチエイ
4935,リベルタ
4936,アクシージア
4937,Ｗａｑｏｏ
4951,エステー
4955,アグロカネシ
4956,コニシ
4957,ヤスハラ
4958,長谷川香
4960,ケミプロ
4962,互応化学
4963,星光ＰＭＣ
4966,上村工
4967,小林製薬
4968,荒川化学
4970,東洋合成
4971,メック
4972,綜研化学
4973,高純度化
4974,タカラＢＩＯ
4975,ＪＣＵ
4976,ドライルーブ
4977,新田ゼラチン
4978,リプロセル
4979,ＯＡＴアグリ
4980,デクセリアル
4985,アース製薬
4987,寺岡製
4990,昭和化
4992,北興化
4994,大成ラミック
4995,サンケイ化
4996,クミアイ
4997,日農薬
4998,フマキラ
4999,セメダイン
5008,東亜石
5009,富士興
5010,日精蝋
5011,ニチレキ
5013,ユシロ化
5015,ＢＰカストロ
5017,富士石油
5018,ＭＯＲＥＳＣ
5019,出光興産
5020,ＥＮＥＯＳ
5021,コスモエネＨ
5025,マーキュリー
5070,ドラフト
5071,ヴィス
5074,テスＨＤ
5076,インフロＨＤ
5078,セレコーポ
5079,ノバック
5101,浜ゴム
5103,昭和ＨＤ
5104,日東化工
5105,ＴＯＹＯ
5108,ブリヂス
5110,住友ゴム
5121,藤コンポ
5122,オカモト
5142,アキレス
5161,西川ゴム
5162,朝日ラバー
5184,ニチリン
5185,フコク
5186,ニッタ
5187,クリエート
5189,桜ゴム
5191,住友理工
5192,三星ベ
5194,相模ゴム
5195,バンド化
5199,不二ラテ
5201,ＡＧＣ
5202,板硝子
5204,石塚硝
5208,有沢製
5210,日山村硝
5212,不二硝
5214,日電硝子
5216,倉元
5217,テクノクオツ
5218,オハラ
5232,住友大阪
5233,太平洋セメ
5237,ノザワ
5261,リソル
5262,日ヒュム
5268,旭コン
5269,日コンクリ
5271,トーヨアサノ
5273,三谷セキ
5277,スパンクリト
5279,日本興業
5280,ヨシコン
5282,ジオスター
5283,高見沢
5284,ヤマウＨＤ
5285,ヤマックス
5287,イトーヨギョ
5288,アジアパイル
5290,ベルテクス
5301,東海カ
5302,カーボン
5304,ＳＥＣカボン
5310,東洋炭素
5331,ノリタケ
5332,ＴＯＴＯ
5333,ガイシ
5334,特殊陶
5337,ダントーＨＤ
5341,アサヒ陶
5342,ジャニス
5343,ニッコー
5344,ＭＡＲＵＷＡ
5351,品川リフラ
5352,黒崎播磨
5355,ルツボ
5356,美濃窯
5357,ヨータイ
5363,ＴＹＫ
5367,ニッカトー
5368,日インシュレ
5380,新東
5381,Ｍｉｐｏｘ
5384,ＦＵＪＩＭＩ
5386,鶴弥
5387,チヨダウーテ
5388,クニミネ
5391,Ａ＆Ａマテ
5393,ニチアス
5395,コランダム
5401,日本製鉄
5406,神戸鋼
5408,中山鋼
5410,合同鉄
5411,ＪＦＥ
5423,東製鉄
5440,共英製鋼
5444,大和工
5445,東鉄鋼
5446,北越メタル
5449,大製鉄
5451,淀川鋼
5458,高砂鉄
5461,中部鋼鈑
5463,丸一管
5464,モリ工
5471,大同特鋼
5476,高周波
5480,冶金工
5481,山陽特鋼
5482,愛知鋼
5484,東北鋼
5486,日立金
5491,日金属
5541,大平金
5542,新報国マテリ
5563,新日本電工
5602,栗本鉄
5603,虹技
5607,中可鍛
5609,日鋳造
5610,大和重
5612,鋳鉄管
5631,日製鋼
5632,菱製鋼
5644,メタルアート
5658,日亜鋼
5659,日精線
5660,神鋼線
5695,パウダテック
5697,サンユウ
5698,エンビプロＨ
5699,イボキン
5702,大紀ア
5703,日軽金ＨＤ
5704,ＪＭＣ
5706,三井金
5707,東邦鉛
5711,三菱マ
5713,住友鉱
5714,ＤＯＷＡ
5715,古河機金
5721,Ｓサイエンス
5724,アサカ理研
5726,大阪チタ
5727,邦チタ
5729,日精鉱
5741,ＵＡＣＪ
5742,ＮＩＣ
5753,日伸銅
5757,ＣＫサンエツ
5759,日本電解
5781,東邦金
5801,古河電工
5802,住友電工
5803,フジクラ
5805,昭電線ＨＤ
5807,東特線
5809,タツタ線
5816,オーナンバ
5817,ＪＭＡＣＳ
5819,カナレ電気
5820,三ッ星
5821,平河ヒューテ
5851,リョービ
5852,アーレスティ
5856,ＬＩＥＨ
5857,アサヒＨＤ
5900,ダイケン
5901,洋缶ＨＤ
5902,ホッカンＨＤ
5903,ＳＨＩＮＰＯ
5905,日カン
5906,エムケー精工
5907,ＪＦＥコンテ
5909,コロナ
5911,横河ブＨＤ
5915,駒井ハルテク
5918,滝上工
5921,川岸工
5922,那須鉄
5923,高田機工
5928,アルメタック
5929,三和ＨＤ
5930,文化シヤタ
5932,三協立山
5933,アルインコ
5935,元旦
5936,洋シヤター
5938,ＬＩＸＩＬ
5939,大谷工業
5940,不二サッシ
5941,中西製
5942,フイルコン
5943,ノーリツ
5945,天龍製鋸
5946,長府製
5947,リンナイ
5949,ユニプレス
5950,パワファス
5951,ダイニチ工
5952,アマテイ
5953,昭和鉄工
5955,ヤマシナ
5956,トーソー
5957,日東精
5958,三洋工
5959,岡部
5962,浅香工
5964,洋刃物
5965,フジマック
5966,ＫＴＣ
5967,ＴＯＮＥ
5969,ロブテックス
5970,ジーテクト
5971,共和工業
5973,トーアミ
5974,中国工
5975,東プレ
5976,ネツレン
5979,カネソウ
5981,東京綱
5982,マルゼン
5983,イワブチ
5984,兼房
5985,サンコール
5986,モリテック
5987,オーネックス
5988,パイオラクス
5989,エイチワン
5990,スパツール
5991,ニッパツ
5992,中央発條
5993,知多鋼
5994,ファインシン
5997,協立エアテク
5998,アドバネクス
5999,イハラサイエ
6005,三浦工
6013,タクマ
6016,Ｊエンジン
6018,阪神内
6022,赤阪鉄
6023,ダイハツディ
6025,ＰＣサービス
6026,ＧＭＯテック
6027,弁護士コム
6028,テクノプロＨ
6029,アトラＧ
6030,アドベンチャ
6031,サイジニア
6032,インタワクス
6033,エクストリム
6034,ＭＲＴ
6035,ＩＲＪＨＤ
6036,ＫｅｅＰｅｒ
6037,Ｆロジック
6038,イード
6039,動物高度医療
6040,日本スキー
6042,ニッキ
6044,三機サービス
6045,レントラック
6046,リンクバル
6047,Ｇｕｎｏｓｙ
6048,デザインワン
6049,イトクロ
6050,Ｅガディアン
6054,リブセンス
6055,Ｊマテリアル
6058,ベクトル
6059,ウチヤマＨＤ
6060,こころネット
6061,ユニバ園芸
6062,チャームケア
6063,ＥＡＪ
6067,インパクト
6069,トレンダーズ
6070,キャリアＬ
6071,ＩＢＪ
6072,地盤ネットＨ
6073,アサンテ
6074,ＪＳＳ
6076,アメイズ
6078,バリューＨＲ
6080,Ｍ＆Ａキャピ
6081,アライドアキ
6082,ライドオンＨ
6083,ＥＲＩＨＤ
6085,アーキテクツ
6086,シンメンテＨ
6087,アビスト
6088,シグマクシス
6089,ウィルＧ
6090,ＨＭＴ
6091,ウエスコＨＤ
6092,エンバイオＨ
6093,エスクロＡＪ
6094,フリクアウＨ
6095,メドピア
6096,レアジョブ
6098,リクルートＨ
6099,エラン
6101,ツガミ
6103,オークマ
6104,芝浦機械
6111,旭精機
6113,アマダ
6118,アイダ
6121,滝沢鉄
6125,岡本工
6131,浜井産
6134,ＦＵＪＩ
6135,牧野フ
6136,ＯＳＧ
6137,小池酸
6138,ダイジヱット
6140,旭ダイヤ
6141,ＤＭＧ森精機
6142,富士精工
6143,ソディック
6144,西部電機
6145,ＮＩＴＴＯＫ
6146,ディスコ
6147,ヤマザキ
6149,小田原エン
6150,タケダ機械
6151,日東工器
6155,高松機械
6156,エーワン
6157,日進工具
6158,和井田
6159,ミクロン精密
6161,エスティック
6164,太陽工機
6165,パンチ
6166,中村超硬
6167,冨士ダイス
6171,土木管理
6172,メタップス
6173,アクアライン
6175,ネットマーケ
6176,ブランジスタ
6177,ＡｐｐＢ
6178,日本郵政
6180,ＧＭＯメディ
6181,タメニー
6182,メタリアル
6183,ベル２４ＨＤ
6184,鎌倉新書
6185,ＳＭＮ
6186,一蔵
6188,富士ソフＳＢ
6189,グローバルＫ
6190,ＰＸＢ
6191,エアトリ
6192,ハイアス＆Ｃ
6193,バーチャレク
6194,アトラエ
6195,ホープ
6196,ストライク
6197,ソラスト
6198,キャリア
6199,セラク
6200,インソース
6201,豊田織
6203,豊和工
6205,ＯＫＫ
6208,石川製
6210,東洋機械
6217,津田駒
6218,エンシュウ
6222,島精機
6226,守谷輸送機工
6227,ＡＩメカテク
6229,オーケーエム
6230,ＳＡＮＥＩ
6231,木村工機
6232,ＡＣＳＬ
6233,極東産機
6235,オプトラン
6236,ＮＣＨＤ
6237,イワキポンプ
6238,フリュー
6239,ナガオカ
6240,ヤマシンＦ
6245,ヒラノテク
6246,テクノスマト
6247,日阪製
6248,横田製作所
6249,ＧＣジョイコ
6250,やまびこ
6254,野村マイクロ
6255,エヌピーシー
6257,藤商事
6258,平田機工
6262,ペガサス
6264,マルマエ
6265,コンバム
6266,タツモ
6267,ゼネパッカー
6268,ナブテスコ
6269,三井海洋
6272,レオン自機
6273,ＳＭＣ
6276,シリウスＶ
6277,ホソミクロン
6278,ユニオンツル
6279,瑞光
6282,オイレス工
6284,ＡＳＢ機械
6286,静甲
6287,サトーＨＤ
6289,技研製
6291,エアーテック
6292,カワタ
6293,日精樹脂
6294,オカダアイヨ
6295,富士変速機
6297,鉱研工業
6298,ＹＡＣＨＤ
6301,コマツ
6302,住友重
6303,ササクラ
6305,日立建機
6306,日工
6307,サンセイ
6309,巴工業
6310,井関農
6312,フロイント
6315,ＴＯＷＡ
6316,丸山製
6317,北川鉄
6319,シンニッタン
6322,タクミナ
6323,ローツェ
6324,ハーモニク
6325,タカキタ
6326,クボタ
6327,北川精機
6328,荏原実業
6330,洋エンジ
6331,化工機
6332,月島機
6333,帝国電機
6334,明治機
6335,東京機
6336,石井表記
6337,テセック
6338,タカトリ
6339,新東工
6340,渋谷工
6342,太平製
6343,フリジアマク
6345,アイチ
6346,キクカワ
6347,プラコー
6349,小森
6351,鶴見製
6355,住精密
6356,日ギア
6357,三精テクノ
6358,酒井重
6360,東自機
6361,荏原
6362,石井鉄
6363,酉島製
6364,北越工
6365,電業社
6366,千代化建
6367,ダイキン
6368,オルガノ
6369,トヨカネツ
6370,栗田工
6371,椿本チエ
6373,大同工
6376,日機装
6378,木村化
6379,レイズＮ
6380,オリチエ
6381,アネスト岩田
6382,トリニ工
6383,ダイフク
6384,昭和真空
6387,サムコ
6390,加藤製
6391,加地テク
6392,ヤマダコーポ
6393,油研工
6395,タダノ
6396,宇野鉄
6400,不二精機
6402,兼松エンジ
6403,水道機
6405,鈴茂器工
6406,フジテック
6407,ＣＫＤ
6408,小倉クラ
6409,キトー
6411,中野冷機
6412,平和
6413,理想科学
6416,桂川電機
6417,ＳＡＮＫＹＯ
6418,日金銭
6419,マースＧＨＤ
6420,フクシマＧ
6424,高見サイ
6425,ユニバーサル
6428,オーイズミ
6430,ダイコク電
6432,竹内製作
6433,ヒーハイスト
6436,アマノ
6439,中日鋳
6440,ＪＵＫＩ
6444,サンデン
6445,ジャノメ
6448,ブラザー
6454,マックス
6455,モリタＨＤ
6457,グローリー
6458,新晃工
6459,大和冷機
6460,セガサミーＨ
6461,日ピス
6462,リケン
6463,ＴＰＲ
6464,ツバキナカ
6465,ホシザキ
6466,ＴＶＥ
6467,ニチダイ
6469,放電精密
6470,大豊工業
6471,日精工
6472,ＮＴＮ
6473,ジェイテクト
6474,不二越
6479,ミネベアＭ
6480,トムソン
6481,ＴＨＫ
6482,ユーシン精機
6484,ＫＶＫ
6485,前沢給装
6486,イーグル
6488,ヨシタケ
6489,前沢工
6490,日ピラ工
6492,岡野バル
6493,日鍛バル
6494,ＮＦＫＨＤ
6495,宮入バル
6496,中北製
6497,ハマイ
6498,キッツ
6501,日立
6502,東芝
6503,三菱電
6504,富士電機
6505,東洋電
6506,安川電
6507,シンフォニア
6508,明電舎
6513,オリジン
6516,山洋電
6517,デンヨー
6518,三相電機
6521,オキサイド
6522,アスタリスク
6523,ＰＨＣＨＤ
6524,湖北工業
6532,ベイカレント
6533,オーケストラ
6535,アイモバイル
6537,ＷＡＳＨハウ
6538,キャリアイン
6539,ＭＳＪＰ
6540,船場
6542,ＦＣＨＤ
6543,日宣
6544,ＪＥＳＨＤ
6545,ＩＩＦ
6546,フルテック
6547,グリーンズ
6548,旅工房
6549,ＤＭソリュ
6550,Ｕｎｉｐｏｓ
6551,ツナグＧＨＤ
6552,ＧａｍｅＷ
6553,ソウルドＯ
6554,ＳＵＳ
6555,ＭＳコンサル
6556,ウェルビー
6557,ＡＩＡＩ
6558,クックビズ
6560,ＬＴＳ
6561,ＨＡＮＡＴＪ
6562,ジーニー
6563,みらいワクス
6564,ミダックＨＤ
6565,ＡＢホテル
6566,要興業
6567,ＳＥＲＩＯＨ
6568,神戸天然化学
6569,日総工産
6570,共和コーポ
6571,ＱＢネットＨ
6572,ＲＰＡＨ
6573,アジャイルＭ
6574,コンヴァノ
6577,ベストワン
6578,エヌリンクス
6579,ログリー
6580,ライトアップ
6584,三桜工
6586,マキタ
6588,東芝テック
6590,芝浦
6592,マブチ
6594,日電産
6597,ＨＰＣシス
6599,エブレン
6612,バルミューダ
6613,ＱＤレーザ
6614,シキノハイテ
6615,ＵＭＣエレ
6616,トレックスＳ
6617,東光高岳
6618,大泉製
6619,Ｗスコープ
6620,宮越ＨＤ
6622,ダイヘン
6623,愛知電
6625,ＪＡＬＣＯＨ
6626,ＳＥＭＩＴＥ
6627,テラプロ
6629,Ｔホライゾン
6630,ヤーマン
6632,ＪＶＣＫＷ
6633,Ｃ＆ＧＳＹＳ
6634,ネクスＧ
6635,大日光
6637,寺崎電気
6638,ミマキエンジ
6639,コンテック
6640,ＩＰＥＸ
6641,日新電
6643,戸上電
6644,大崎電
6645,オムロン
6647,森尾電
6648,かわでん
6651,日東工
6652,ＩＤＥＣ
6653,正興電機
6654,不二電機
6655,東洋電機
6656,インスペック
6658,シライ電子
6659,Ｍリンクス
6662,ユビテック
6663,太洋工業
6664,オプトエレク
6666,リバエレテク
6668,プラズマ
6670,ＭＣＪ
6674,ＧＳユアサ
6675,サクサ
6676,メルコ
6677,ＳＫエレク
6678,テクノメディ
6694,ズーム
6696,ピースリー
6698,ＶｉＳＣＯＴ
6699,ダイヤＨＤ
6701,ＮＥＣ
6702,富士通
6703,ＯＫＩ
6704,岩崎通
6706,電気興
6707,サンケン
6715,ナカヨ
6718,アイホン
6721,ウインテスト
6723,ルネサス
6724,エプソン
6727,ワコム
6728,アルバック
6730,アクセル
6731,ピクセラ
6734,ニューテック
6736,サン電子
6737,ＥＩＺＯ
6740,ＪＤＩ
6741,日信号
6742,京三製
6743,大同信
6744,能美防災
6745,ホーチキ
6748,星和電
6750,エレコム
6752,パナソニック
6753,シャープ
6754,アンリツ
6755,富士通ゼ
6757,ＯＳＧコーポ
6758,ソニーＧ
6762,ＴＤＫ
6763,帝通工
6768,タムラ製
6769,ザイン
6770,アルプスＡ
6771,池上通
6772,コスモス
6775,ＴＢグループ
6776,天昇電
6777,ｓａｎｔｅｃ
6778,アルチザ
6779,日電波
6785,鈴木
6786,ＲＶＨ
6787,メイコー
6788,日本トリム
6789,ローランドＤ
6794,フォスタ
6797,名古屋電
6798,ＳＭＫ
6800,ヨコオ
6803,ティアック
6804,ホシデン
6806,ヒロセ電
6807,航空電子
6809,ＴＯＡ
6810,マクセル
6814,古野電
6815,ユニデンＨＤ
6817,スミダ
6819,伊豆シャボテ
6820,アイコム
6822,大井電気
6823,リオン
6824,新コスモ
6826,本多通信
6832,アオイ電子
6834,精工技研
6835,アライドＨＤ
6836,プラット
6837,京写
6838,多摩川ＨＤ
6840,ＡＫＩＢＡ
6841,横河電
6844,新電元
6845,アズビル
6846,中央製
6848,東亜ＤＫＫ
6849,日本光電
6850,チノー
6853,共和電
6855,電子材料
6856,堀場製
6857,アドバンテス
6858,小野測器
6859,エスペック
6861,キーエンス
6862,ミナトＨＤ
6863,ニレコ
6864,エヌエフＨＤ
6866,ＨＩＯＫＩ
6867,リーダ電子
6869,シスメックス
6870,フェンオール
6871,マイクロニ
6874,協立電機
6875,メガチップス
6877,ＯＢＡＲＡＧ
6879,ＩＭＡＧＩＣ
6881,キョウデン
6882,三社電機
6888,アクモス
6890,フェローテク
6894,パルステック
6897,ツインバド
6898,トミタ電機
6899,ＡＳＴＩ
6901,沢藤電
6902,デンソー
6904,原田工業
6905,コーセル
6907,ジオマテック
6908,イリソ電子
6912,菊水電子
6914,オプテクスＧ
6915,千代田インテ
6916,アイオデタ
6918,アバール
6919,ケル
6920,レーザーテク
6923,スタンレー
6924,岩崎電
6925,ウシオ電
6926,ＯＫＡＹＡ
6927,ヘリオスＨ
6928,エノモト
6929,日セラミク
6930,日本アンテナ
6932,遠藤照
6937,古河電池
6938,双信電機
6941,山一電機
6942,ソフィアＨＤ
6943,ＮＫＫ
6946,日アビオ
6947,図研
6951,日電子
6952,カシオ
6954,ファナック
6955,ＦＤＫ
6957,芝浦電子
6958,日本ＣＭＫ
6960,フクダ電
6961,エンプラス
6962,大真空
6963,ローム
6964,サンコー
6965,ホトニクス
6966,三井ハイ
6967,新光電工
6969,松尾電
6971,京セラ
6973,協栄産
6976,太陽誘電
6977,抵抗器
6981,村田製
6982,リード
6986,双葉電子
6988,日東電
6989,北陸電気工
6993,大黒屋
6994,指月電
6995,東海理化
6996,ニチコン
6997,ケミコン
6998,日タング
6999,ＫＯＡ
7003,三井Ｅ＆ＳＨ
7004,日立造
7011,菱重工
7012,川重
7013,ＩＨＩ
7014,名村造
7018,内海造
7021,ニッチツ
7022,サノヤスＨＤ
7030,スプリックス
7031,インバテック
7033,ＭＳＯＬ
7034,プロレドＰ
7035,ａｎｆａｃ
7036,ＥＭネットＪ
7037,テノＨＤ
7038,フロンティＭ
7039,ブリッジ
7040,サンライフＨ
7041,ＣＲＧＨＤ
7042,アクセスＧＨ
7043,アルー
7044,ピアラ
7045,ツクイスタフ
7046,ＴＤＳＥ
7047,ポート
7048,ベルトラ
7049,識学
7050,フロンテアＩ
7057,ＮＣＮ
7058,共栄ＳＳ
7059,コプロＨＤ
7060,ギークス
7061,日本ホスピス
7062,フレアス
7063,Ｂｉｒｄｍａ
7064,ハウテレビ
7065,ＵＰＲ
7066,ピアズ
7067,ブランディ
7068,フィードＦＧ
7069,サイバーバズ
7070,ＳＩＨＤ
7071,アンビス
7072,インテＭ
7073,ジェイック
7074,２４７
２４７,7076
7076,名南Ｍ＆Ａ
7077,ＡＬｉＮＫ
7078,ＩＮＣＬＵＳ
7079,ＷＤＢココ
7080,スポーツＦ
7081,レンティア
7082,ジモティー
7083,ＡＨＣＧ
7084,キッズスマイ
7085,カーブスＨＤ
7086,きずなＨＤ
7087,ウイルテック
7088,Ｆエンジニア
7089,Ｆスタート
7090,リグア
7091,ＬＰＦ
7092,ＦＦＪ
7093,アディッシュ
7094,ＮｅｘＴｏｎ
7095,Ｍａｃｂｅｅ
7096,ステムセル研
7097,さくらさく
7102,日車輌
7105,三菱ロジスネ
7122,近畿車
7126,タンゴヤ
7127,一家ＨＤ
7128,フルマルＨＤ
7129,ミアヘルサＨ
7130,ヤマエＧＨＤ
7131,のむら産業
7133,ＨＹＵＧＡ
7134,クルーバー
7135,藤久ＨＤ
7138,トリコ
7148,ＦＰＧ
7150,島根銀行
7157,ライフネット
7161,じもとＨＤ
7162,アストマクス
7164,全国保証
7167,めぶきＦＧ
7169,ＮＦＣＨＤ
7172,ＪＩＡ
7173,東京きらぼし
7175,今村証券
7177,ＧＭＯＦＨＤ
7180,九州ＦＧ
7181,かんぽ生命
7182,ゆうちょ銀行
7183,あんしん保証
7184,富山第一銀行
7185,ヒロセ通商
7186,コンコルディ
7187,Ｊリース
7189,西日本ＦＨ
7191,イントラスト
7192,モーゲージＳ
7196,Ｃａｓａ
7198,アルヒ
7199,プレミアＧ
7201,日産自
7202,いすゞ
7203,トヨタ
7205,日野自
7208,カネミツ
7211,三菱自
7212,エフテック
7213,レシップＨＤ
7214,ＧＭＢ
7215,ファルテック
7217,テイン
7218,田中精密
7219,ＨＫＳ
7220,武蔵精密
7222,日産車体
7224,新明和
7226,極東開
7227,アスカ
7228,デイトナ
7229,ユタカ技研
7231,トピー工
7235,東ラヂエタ
7236,ティラド
7238,曙ブレキ
7239,タチエス
7240,ＮＯＫ
7241,フタバ
7242,ＫＹＢ
7244,市光工
7245,大同メタ
7246,プレス工
7247,ミクニ
7250,太平洋工
7254,ユニバンス
7255,桜井製
7256,河西工
7259,アイシン
7261,マツダ
7264,ＭＵＲＯ
7265,エイケン工業
7266,今仙電機
7267,ホンダ
7268,タツミ
7269,スズキ
7270,ＳＵＢＡＲＵ
7271,安永
7272,ヤマハ発
7273,イクヨ
7276,小糸製
7277,ＴＢＫ
7278,エクセディ
7279,ハイレックス
7280,ミツバ
7282,豊田合
7283,愛三工
7284,盟和産
7287,日本精機
7291,日本プラスト
7292,村上開明
7294,ヨロズ
7296,ＦＣＣ
7297,カーメイト
7298,八千代工
7299,フジオーゼ
7305,新家工
7309,シマノ
7313,ＴＳテック
7314,小田原機
7315,ＩＪＴＴ
7317,松屋Ｒ＆Ｄ
7318,セレンディプ
7320,日本リビング
7322,３３ＦＧ
7325,アイリック
7326,ＳＢＩインシ
7327,第四北越ＦＧ
7337,ひろぎんＨＤ
7338,インヴァスト
7339,アイペット
7342,ウェルスナビ
7343,ブロドマイン
7345,アイパートナ
7347,マーキュリア
7350,おきなわＦＧ
7351,グッドパッチ
7352,Ｂエンジニア
7353,ＫＩＹＯ
7354,ＤｍＭｉＸ
7356,Ｒｅｔｔｙ
7357,ジオコード
7358,ポピンズＨＤ
7359,東京通信
7360,オンデック
7361,ＨＣＨ
7362,ＴＳＩ
7363,ベビーカレン
7366,ＬＩＴＡＬＩ
7367,セルム
7368,表示灯
7369,メイホーＨＤ
7370,Ｅｎｊｉｎ
7371,全研本社
7372,デコルテＨＤ
7373,アイドマＨＤ
7374,コンフィデン
7375,リファインＶ
7376,ＢＣＣ
7377,ＤＮＨＤ
7378,アシロ
7379,サーキュレー
7380,十六ＦＧ
7381,北國ＦＨＤ
7383,ネットプロテ
7399,ナンシン
7408,ジャムコ
7412,アトム
7413,創健社
7414,小野建
7416,はるやまＨＤ
7417,南陽
7419,ノジマ
7420,佐鳥電機
7421,カッパクリエ
7422,東邦レマック
7425,初穂商事
7426,山大
7427,エコーＴＤ
7433,伯東
7434,オータケ
7435,ナデックス
7438,コンドテック
7441,Ｍｉｓｕｍｉ
7442,中山福
7443,横浜魚類
7444,ハリマ共和
7445,ライトオン
7446,東北化学
7447,ナガイレベ
7450,サンデー
7451,三菱食品
7453,良品計画
7455,三城ＨＤ
7456,松田産業
7458,第一興商
7459,メディパル
7460,ヤギ
7461,キムラ
7462,ＣＡＰＩＴＡ
7463,アドヴァンＧ
7464,セフテック
7466,ＳＰＫ
7467,萩原電気Ｈ
7472,鳥羽洋行
7475,アルビス
7476,アズワン
7477,ムラキ
7480,スズデン
7481,尾家産業
7482,シモジマ
7483,ドウシシャ
7485,岡谷鋼機
7486,サンリン
7487,小津産業
7488,ヤガミ
7490,日新商
7494,コナカ
7500,西川計測
7501,ティムコ
7502,プラザクリ
7504,高速
7505,扶桑電通
7506,ハウスロゼ
7508,ＧセブンＨＤ
7509,アイエーＧ
7510,たけびし
7512,イオン北海道
7513,コジマ
7514,ヒマラヤ
7515,マルヨシセン
7516,コーナン商
7518,ネットワン
7520,エコス
7521,ムサシ
7522,ワタミ
7523,アルビバン
7524,マルシェ
7525,リックス
7527,システムソフ
7531,清和中央
7532,パンパシＩ
7533,グリンクロス
7537,丸文
7538,大水
7539,アイナボＨＤ
7544,スリーエフ
7545,西松屋チェ
7550,ゼンショーＨ
7551,ウェッズ
7552,ハピネット
7554,幸楽苑ＨＤ
7555,大田花き
7559,ＧＦＣ
7561,ハークスレイ
7562,安楽亭
7564,ワークマン
7565,萬世電機
7567,栄電子
7570,橋本総業ＨＤ
7571,ヤマノＨＤ
7575,日本ライフＬ
7578,ニチリョク
7581,サイゼリヤ
7585,かんなん
7590,タカショー
7593,ＶＴＨＤ
7595,アルゴグラ
7596,魚力
7599,ＩＤＯＭ
7600,ＭＤＭ
7601,ポプラ
7602,カーチスＨＤ
7603,マックハウス
7604,梅の花
7605,フジコーポ
7606,Ｕアローズ
7607,進和
7608,ＳＫジャパン
7609,ダイトロン
7610,テイツー
7611,ハイデ日高
7613,シークス
7614,オーエムツー
7615,ＹＵ‐ＷＡ
7616,コロワイド
7618,ＰＣＤＥＰ
7619,田中商事
7621,うかい
7623,サンオータス
7624,ＮａＩＴＯ
7625,Ｇダイニング
7628,オーハシテク
7630,壱番屋
7634,星医療
7635,杉田エース
7636,ハンズマン
7637,白銅
7638,ＮＡＲＴＨ
7640,トップカルチ
7643,ダイイチ
7646,ＰＬＡＮＴ
7647,音通
7649,スギＨＤ
7670,オーウエル
7671,ＡｍｉｄＡＨ
7673,ダイコー通産
7674,ＮＡＴＴＹ
7675,Ｃフォレスト
7676,グッドＳ
7677,ヤシマキザイ
7678,あさくま
7679,薬王堂ＨＤ
7681,レオクラン
7682,浜木綿
7683,ダブルエー
7685,ＢＵＹＳＥＬ
7686,カクヤスＧ
7687,ミクリード
7689,コパ
7692,Ｅインフィニ
7694,いつも
7695,交換できる
7698,アイスコ
7701,島津製
7702,ＪＭＳ
7705,ＧＬサイエン
7707,ＰＳＳ
7709,クボテック
7711,助川電気
7713,シグマ光機
7715,長野計器
7716,ナカニシ
7717,Ｖテク
7718,スター精密
7719,東京衡機
7721,東京計器
7722,国際計測
7723,愛知時
7725,インターアク
7726,黒田精
7727,オーバル
7729,東精密
7730,マニー
7731,ニコン
7732,トプコン
7733,オリンパス
7734,理計器
7735,スクリン
7739,キヤノ電子
7740,タムロン
7741,ＨＯＹＡ
7743,シード
7744,ノーリツ鋼
7745,Ａ＆Ｄ
7746,岡本硝子
7747,朝日インテク
7749,メディキット
7751,キヤノン
7752,リコー
7760,ＩＭＶ
7762,シチズン時計
7769,リズム
7771,日本精密
7774,Ｊ・ＴＥＣ
7775,大研医器
7776,セルシード
7777,３Ｄマトリク
7779,サイバダイン
7780,メニコン
7781,平山ＨＤ
7782,シンシア
7791,ドリームＢ
7792,コラントッテ
7793,イメージＭ
7800,アミファ
7803,ブシロード
7804,Ｂ＆Ｐ
7805,プリントＮ
7806,ＭＴＧ
7807,幸和製作所
7808,ＣＳランバー
7809,壽屋
7810,クロスフォー
7811,中本パックス
7812,クレステック
7813,プラッツ
7814,日本創発Ｇ
7815,東京ボード
7816,スノーピーク
7817,パラベッド
7818,トランザク
7819,粧美堂
7820,ニホンフラ
7821,前田工繊
7822,永大産業
7823,アトネイチャ
7826,フルヤ金属
7827,オービス
7829,サマンサＪＰ
7831,ウイルコＨＤ
7832,バンナム
7833,ＩＦＩＳ
7836,アビックス
7837,ＲＣコア
7838,共立印刷
7839,ＳＨＯＥＩ
7840,フラベッド
7841,遠藤製作
7844,マーベラス
7846,パイロット
7847,グラファイト
7849,スターツ出版
7850,総合商研
7851,カワセＣＳ
7856,萩原工業
7857,セキ
7859,アルメディオ
7860,エイベックス
7863,平賀
7864,フジシール
7865,ピープル
7867,タカラトミー
7868,広済堂ＨＤ
7870,福島印刷
7871,フクビ化工
7872,エステールＨ
7874,レック
7875,竹田印刷
7877,永大化工
7878,光・彩
7879,ノダ
7883,サンメッセ
7885,タカノ
7886,ヤマトインダ
7887,南海プライ
7888,三光合成
7893,プロネクサス
7894,丸東産業
7895,中央化学
7896,セブン工
7897,ホクシン
7898,ウッドワン
7899,ＭＩＣＳ化学
7901,マツモト
7902,ソノコム
7905,大建工
7906,ヨネックス
7908,ＫＩＭＯＴＯ
7911,凸版
7912,大日印
7914,共同印
7915,ＮＩＳＳＨＡ
7916,光村印
7917,藤森工業
7918,ヴィアＨＤ
7919,野崎印
7921,ＴＡＫＡＲＡ
7922,三光産業
7923,トーイン
7925,前澤化成
7927,ムトー精工
7928,旭化学
7931,未来工業
7932,ニッピ
7936,アシックス
7937,ツツミ
7938,リーガル
7939,研創
7940,ウェブロック
7942,ＪＳＰ
7943,ニチハ
7944,ローランド
7945,コマニー
7946,光陽社
7947,エフピコ
7949,小松ウオール
7950,デコラックス
7951,ヤマハ
7952,河合楽
7953,菊水化
7955,クリナップ
7956,ピジョン
7957,フジコピ
7958,天馬
7961,兼松サステク
7962,キングジム
7963,興研
7965,象印
7966,リンテック
7970,信越ポリ
7971,東リ
7972,イトーキ
7974,任天堂
7975,リヒトラブ
7976,菱鉛筆
7979,松風
7980,重松製
7981,タカラス
7983,ミロク
7984,コクヨ
7985,ネポン
7986,日本ＩＳＫ
7987,ナカバヤシ
7988,ニフコ
7989,ブラインド
7990,グローブライ
7991,マミヤＯＰ
7992,セーラ万
7994,オカムラ
7995,バルカー
7997,くろがね工
7999,ＭＵＴＯＨＨ
8001,伊藤忠
8002,丸紅
8005,スクロール
8006,ユアサフナ
8007,高島
8008,４ＣＨＤ
8011,三陽商
8012,長瀬産
8013,ナイガイ
8014,蝶理
8015,豊田通商
8016,オンワードＨ
8018,三共生興
8020,兼松
8022,ミズノ
8023,大興電通
8025,ツカモト
8029,ルックＨＤ
8030,中央魚
8031,三井物
8032,紙パ商
8035,東エレク
8037,カメイ
8038,東都水
8039,築地魚
8040,東ソワール
8041,ＯＵＧＨＤ
8043,スターゼン
8045,浜丸魚
8046,丸藤パイル
8050,セイコーＨＤ
8051,山善
8052,椿本興
8053,住友商
8056,ユニシス
8057,内田洋
8058,三菱商
8059,第一実
8060,キヤノンＭＪ
8061,西華産
8065,佐藤商
8066,三谷商
8068,菱洋エレク
8070,東京産
8071,東海エレ
8072,出版貿
8074,ユアサ商
8075,神鋼商
8076,カノークス
8077,トルク
8078,阪和興
8079,正栄食
8081,カナデン
8084,菱電商
8085,ナラサキ
8086,ニプロ
8088,岩谷産
8089,ナイス
8091,ニチモウ
8093,極東貿易
8095,アステナＨＤ
8096,兼松エレク
8097,三愛石
8098,稲畑産
8101,クレオス
8103,明和産
8104,クワザワＨＤ
8105,堀田丸正
8107,キムラタン
8111,ゴルドウイン
8113,ユニチャム
8114,デサント
8115,ムーンバト
8117,中央自
8118,キング
8119,三栄コーポ
8123,川辺
8125,ワキタ
8127,ヤマトインタ
8129,東邦ＨＤ
8130,サンゲツ
8131,ミツウロコＨ
8132,シナネンＨＤ
8133,エネクス
8135,ゼット
8136,サンリオ
8137,サンワテクノ
8138,三京化
8139,ナガホリ
8140,リョーサン
8141,新光商
8142,トーホー
8143,ラピーヌ
8144,電響社
8145,中部水産
8147,トミタ
8150,三信電
8151,東陽テク
8152,ソマール
8153,モスフード
8154,加賀電子
8155,三益半導
8157,都築電
8158,ソダニッカ
8159,立花エレ
8160,木曽路
8163,ＳＲＳＨＤ
8165,千趣会
8166,タカキュー
8167,リテールＰ
8168,ケーヨー
8173,上新電
8174,日ガス
8179,ロイヤルＨＤ
8181,東天紅
8182,いなげや
8185,チヨダ
8190,ヤマナカ
8194,ライフコーポ
8198,ＭＶ東海
8200,リンガハット
8202,ラオックス
8203,ＭｒＭａｘＨ
8207,テンアライド
8208,エンチョー
8209,フレンドリー
8214,ＡＯＫＩＨＤ
8215,銀座山形
8217,オークワ
8218,コメリ
8219,青山商
8225,タカチホ
8226,理経
8227,しまむら
8228,マルイチ
8230,はせがわ
8233,高島屋
8237,松屋
8242,Ｈ２Ｏリテイ
8244,近鉄百
8247,大和
8249,テクノアソシ
8252,丸井Ｇ
8253,クレセゾン
8254,さいか屋
8255,アクシアル
8256,プロルート
8260,井筒屋
8267,イオン
8273,イズミ
8275,フォーバル
8276,平和堂
8278,フジ
8279,ヤオコー
8281,ゼビオＨＤ
8282,ケーズＨＤ
8283,ＰＡＬＴＡＣ
8285,三谷産業
8289,Ｏｌｙｍｐｉ
8291,日産東ＨＤ
8293,ＡＴグループ
8301,日銀
8303,新生銀
8304,あおぞら
8306,三菱ＵＦＪ
8308,りそなＨＤ
8309,三住トラスト
8316,三井住友
8331,千葉銀
8334,群馬銀
8336,武蔵野銀
8337,千葉興銀
8338,筑波銀行
8341,七十七銀
8343,秋田銀
8344,山形銀
8345,岩手銀
8346,東邦銀
8349,東北銀
8354,ふくおか
8355,静岡銀
8358,スルガ銀
8359,八十二銀
8360,山梨中銀
8361,大垣銀
8362,福井銀
8364,清水銀
8365,富山銀
8366,滋賀銀
8367,南都銀
8368,百五銀
8369,京都銀
8370,紀陽銀行
8377,ほくほく
8381,山陰合銀
8382,中国銀
8383,鳥取銀行
8385,伊予銀
8386,百十四銀
8387,四国銀
8388,阿波銀
8392,大分銀
8393,宮崎銀
8395,佐賀銀
8398,筑邦銀
8399,琉球銀
8410,セブン銀行
8411,みずほ
8416,高知銀行
8418,山口ＦＧ
8421,信金中金
8424,芙蓉リース
8425,みずほリース
8439,東京センチュ
8462,ＦＶＣ
8473,ＳＢＩ
8508,Ｊトラスト
8511,日証金
8515,アイフル
8518,アジア投資
8521,長野銀
8522,名古屋銀
8524,北洋銀行
8527,愛知銀
8530,中京銀
8537,大光銀行
8540,福岡中銀
8541,愛媛銀
8542,トマト銀
8544,京葉銀
8550,栃木銀
8551,北日本銀
8554,南日本銀
8558,東和銀
8559,豊和銀
8560,宮崎太陽銀
8562,福島銀
8563,大東銀
8566,リコーリス
8570,イオンＦＳ
8572,アコム
8584,ジャックス
8585,オリコ
8591,オリックス
8593,三菱ＨＣキャ
8594,中道リース
8595,ジャフコＧ
8596,九州リース
8600,トモニＨＤ
8601,大和証Ｇ
8604,野村
8609,岡三
8613,丸三証
8614,東洋証
8616,東海東京
8617,光世証
8622,水戸証
8624,いちよし
8628,松井証
8630,ＳＯＭＰＯＨ
8697,ＪＰＸ
8698,マネックスＧ
8699,ＨＳＨＤ
8700,丸八証券
8704,トレイダーズ
8705,岡藤日産ＨＤ
8706,極東証券
8707,岩井コスモ
8708,アイザワ証Ｇ
8713,フィデアＨＤ
8714,池田泉州
8715,アニコムＨＤ
8725,ＭＳ＆ＡＤ
8732,マネパＧ
8737,あかつき本社
8739,スパークス
8742,小林洋行
8746,第一商品
8747,豊トラステ証
8750,第一生命ＨＤ
8766,東京海上
8769,ＡＲＭ
8771,Ｅギャランテ
8772,アサックス
8783,ＧＦＡ
8789,フィンテック
8793,ＮＥＣキャピ
8795,Ｔ＆ＤＨＤ
8798,アドクリ
8801,三井不
8802,菱地所
8803,平和不
8804,東建物
8818,京阪神ビ
8830,住友不
8835,太平発
8836,ＲＩＳＥ
8841,テーオーシ
8842,楽天地
8844,コスモスイニ
8848,レオパレス
8850,スターツ
8854,日住
8860,フジ住宅
8864,空港施設
8869,明和地所
8871,ゴールドクレ
8876,リログループ
8877,エスリード
8881,日神ＧＨＤ
8886,ウッドＦ
8887,リベレステ
8889,ＡＰＡＭＡＮ
8890,レーサム
8891,ＡＭＧＨＤ
8892,日本エスコン
8893,新日建物
8894,ＲＥＶＯＬＵ
8897,タカラレベン
8898,センチュ２１
8903,サンウッド
8904,ＡＶＡＮＴＩ
8905,イオンモール
8908,毎コムネット
8909,シノケンＧ
8912,エリア
8914,エリアリンク
8917,ファースト住
8918,ランド
8919,カチタス
8920,東祥
8923,トーセイ
8925,アルデプロ
8927,明豊エンター
8928,穴吹興産
8929,青山財
8931,和田興産
8934,サンフロンテ
8935,ＦＪネクストＨ
8938,グロームＨＤ
8940,インテリクス
8944,ランビジネス
8945,サンネクスタ
8946,エイシアンＳ
8951,日本ビルＦ
8952,Ｊリアル
8953,日本都市Ｆ
8954,オリックスＦ
8955,Ｊプライム
8956,ＮＴＴ都市Ｒ
8957,東急ＲＥ
8958,グロバル
8960,ユナイテド
8961,森トラスト
8963,ＩＮＶ
8964,フロンテアＲ
8966,平和ＲＥ
8967,ニホンロジ
8968,福岡リート
8972,ケネディＯ
8975,いちごＯＲ
8976,大和ＯＦ
8977,阪急阪神Ｒ
8979,スターツＰＲ
8984,ハウスリート
8985,ＪＨＲ
8986,大和リビング
8987,エクセレント
8995,誠建設
8996,ハウスフリー
8999,グランディ
9001,東武
9003,相鉄ＨＤ
9005,東急
9006,京急
9007,小田急
9008,京王
9009,京成
9010,富士急
9012,秩父鉄
9014,新京成
9017,新潟交
9020,ＪＲ東日本
9021,ＪＲ西日本
9022,ＪＲ東海
9024,西武ＨＤ
9025,鴻池運輸
9027,ロジネットＪ
9028,ゼロ
9029,ヒガシ２１
9031,西鉄
9033,広島電鉄
9034,南総通運
9035,第一交通
9036,東部ネット
9037,ハマキョウ
9039,サカイ引越
9040,大宝運輸
9041,近鉄ＧＨＤ
9042,阪急阪神
9044,南海電鉄
9045,京阪ＨＤ
9046,神戸電鉄
9048,名鉄
9049,京福電
9051,センコン物流
9052,山陽電
9055,アルプス物
9057,遠州トラック
9058,トランコム
9059,カンダ
9060,日ロジテム
9063,岡県運送
9064,ヤマトＨＤ
9065,山九
9066,日新
9067,丸運
9068,丸全運
9069,センコーＧＨ
9070,トナミＨＤ
9072,ニッコンＨＤ
9073,京極運
9074,日石輸
9075,福山通
9076,セイノーＨＤ
9077,名鉄運
9078,エスライン
9081,神奈中交
9082,大和自交
9083,神姫バス
9085,中央バス
9086,日立物流
9087,タカセ
9090,丸和運輸機関
9099,Ｃ＆ＦロジＨ
9101,郵船
9104,商船三井
9107,川崎汽
9110,ユナイテド海
9115,明治海
9119,飯野海
9127,玉井商
9130,共栄タンカ
9142,ＪＲ九州
9143,ＳＧＨＤ
9145,ビーイングＨ
9147,ＮＸＨＤ
9171,栗林船
9173,東海汽
9176,佐渡汽
9179,川崎近海
9193,東京汽
9201,ＪＡＬ
9202,ＡＮＡ
9206,ＳＦＪ
9211,エフコード
9212,ＧＥＩ
9213,セイファート
9214,リカバリー
9215,ＣａＳｙ
9216,ビーウィズ
9218,メンヘルＴ
9219,ギックス
9232,パスコ
9233,アジア航測
9240,デリバリコン
9241,ＦＬＮ
9242,メディア総研
9244,デジタリフト
9245,リベロ
9246,プロジェＣ
9247,ＴＲＥＨＤ
9248,人夢技術Ｇ
9249,日本エコシス
9250,ＧＲＣＳ
9251,ＡＢ＆Ｃ
9252,ラストワンＭ
9253,スローガン
9254,ラバブルＭ
9256,サクシード
9258,ＣＳ?Ｃ
9259,タカヨシ
9260,Ｗｉｓｍｅｔ
9262,シルバライフ
9263,ビジョナリＨ
9264,ポエック
9265,ヤマシタＨＨ
9267,ゲンキードラ
9268,オプティマス
9270,バリュＨＤ
9271,和心
9272,ブティックス
9273,コーア商事Ｈ
9274,国際紙パ商
9275,ナルミヤ
9278,ブックオフＨ
9279,ギフトＨＤ
9281,タカラインフ
9282,いちごグリン
9283,再生可能エネ
9284,Ｃソーラー
9285,東京インフラ
9286,エネクスＩ
9287,ＪＩＦ
9301,三菱倉
9302,三井倉ＨＤ
9303,住友倉
9304,渋沢倉
9305,ヤマタネ
9306,東陽倉
9307,杉村倉
9308,乾汽船
9310,トラシティ
9311,アサガミ
9312,ケイヒン
9313,丸八倉
9318,アジア開発
9319,中央倉
9322,川西倉
9324,安田倉
9325,ファイズＨＤ
9326,関通
9327,イーロジット
9351,洋埠頭
9353,桜島埠
9355,リンコー
9357,名港海
9359,伊勢湾
9360,鈴与シンワ
9361,伏木運
9362,兵機海
9363,大運
9364,上組
9365,トレーディア
9366,サンリツ
9367,大東港運
9368,キムラユニ
9369,キユソ流通
9375,近鉄エクス
9376,ユーラシア
9377,エージーピー
9380,東海運
9381,エーアイテイ
9384,内外トランス
9385,ショーエイ
9386,日コンセプト
9401,ＴＢＳＨＤ
9402,中日放
9404,日テレＨＤ
9405,朝日放送ＧＨ
9407,ＲＫＢ毎日Ｈ
9408,新潟放送
9409,テレビ朝日Ｈ
9412,スカパーＪ
9413,テレ東ＨＤ
9414,日本ＢＳ放送
9416,ビジョン
9417,スマトバリュ
9418,ＵＮＥＸＴＨ
9419,ワイヤレスＧ
9421,ＮＪＨＤ
9422,コネクシオ
9423,フォバルＲＳ
9424,日本通信
9425,日本テレホン
9428,クロップス
9432,ＮＴＴ
9433,ＫＤＤＩ
9434,ソフトバンク
9435,光通信
9436,沖縄セルラー
9438,エムティア
9439,ＭＨグループ
9441,ベルパーク
9444,トーシンＨＤ
9445,Ｆテレコム
9446,サカイＨＤ
9449,ＧＭＯ
9450,ファイバーＧ
9466,アイドマＭＣ
9467,アルファポリ
9468,カドカワ
9470,学研ＨＤ
9471,文渓堂
9474,ゼンリン
9475,昭文社ＨＤ
9476,中央経済ＨＤ
9478,ＳＥＨ＆Ｉ
9479,インプレス
9501,東電力ＨＤ
9502,中部電
9503,関西電
9504,中国電
9505,北陸電
9506,東北電
9507,四国電
9508,九州電
9509,北海電
9511,沖縄電力
9513,Ｊパワー
9514,エフオン
9517,イーレックス
9519,レノバ
9522,リニュアブル
9531,東ガス
9532,大ガス
9533,邦ガス
9534,北海ガス
9535,広島ガス
9536,西部ガスＨＤ
9537,北陸ガス
9539,京葉ガス
9543,静岡ガス
9551,メタウォータ
9600,アイネット
9601,松竹
9602,東宝
9603,ＨＩＳ
9605,東映
9610,ウィルソン
9612,ラックランド
9613,ＮＴＴデータ
9616,共立メンテ
9619,イチネンＨＤ
9621,建設技研
9622,スペース
9625,セレスポ
9627,アインＨＤ
9628,燦ＨＤ
9629,ピーシーエー
9631,東急レク
9632,スバル興
9633,テアトル
9635,武蔵野興
9636,きんえい
9637,オーエス
9639,三協フロンテ
9640,セゾン情報
9641,サコス
9643,中日興
9644,タナベ経営
9647,協和コンサル
9651,日プロ
9656,グリンランド
9658,ビジ太田昭和
9661,歌舞伎
9663,ナガワ
9664,御園座
9672,都競馬
9675,常磐興
9678,カナモト
9679,ホウライ
9682,ＤＴＳ
9684,スクエニＨＤ
9685,ＫＹＣＯＭ
9686,東洋テック
9687,ＫＳＫ
9691,両毛システム
9692,シーイーシー
9696,ウィザス
9697,カプコン
9698,クレオ
9699,西尾レント
9701,東会舘
9702,アイエスビー
9704,アゴーラＨＧ
9706,日空ビル
9708,帝国ホテル
9709,ＮＣＳ＆Ａ
9713,ロイヤルホ
9715,トランスコス
9716,乃村工芸
9717,ジャステック
9719,ＳＣＳＫ
9720,グランド
9722,藤田観
9723,京都ホテル
9726,ＫＮＴＣＴ
9728,日本管財
9729,トーカイ
9731,白洋舎
9733,ナガセ
9734,精養軒
9735,セコム
9739,ＮＳＷ
9740,ＣＳＰ
9742,アイネス
9743,丹青社
9744,メイテック
9746,ＴＫＣ
9749,富士ソフト
9753,ＩＸナレッジ
9755,応用地質
9757,船井総研ＨＤ
9759,ＮＳＤ
9760,進学会ＨＤ
9761,東海リース
9763,丸紅建材
9765,オオバ
9766,コナミＨＤ
9767,日建工学
9768,いであ
9769,学究社
9776,札臨
9778,昴
9780,ハリマビス
9782,ＤＭＳ
9783,ベネッセＨＤ
9787,イオンディラ
9788,ナック
9790,福井コンＨ
9791,ビケンテクノ
9793,ダイセキ
9795,ステップ
9799,旭情報
9810,日鉄物産
9812,テーオーＨ
9816,ストライダズ
9818,大丸エナ
9820,ＭＴジェネ
9823,マミーマート
9824,泉州電業
9827,リリカラ
9828,元気寿司
9830,トラスコ中山
9831,ヤマダＨＤ
9832,オートバック
9835,ジュンテンド
9837,モリト
9842,アークランド
9843,ニトリＨＤ
9845,パーカー
9846,天満屋ス
9849,共同紙
9850,グルメ杵屋
9852,ＣＢグループ
9853,銀座ルノア
9854,愛眼
9856,ケーユーＨＤ
9857,英和
9861,吉野家ＨＤ
9867,ソレキア
9869,加藤産
9872,北恵
9873,日本ＫＦＣ
9876,コックス
9878,セキド
9880,イノテック
9882,イエロハット
9885,シャルレ
9887,松屋フーズＨ
9888,ＵＥＸ
9889,ＪＢＣＣＨＤ
9890,マキヤ
9895,コンセック
9896,ＪＫＨＤ
9900,サガミＨＤ
9902,日伝
9903,カンセキ
9904,ベリテ
9906,藤井産業
9908,Ｄｅｎｋｅｉ
9913,日邦産業
9914,植松商会
9919,関西フード
9927,ワットマン
9928,ミロク情報
9929,平和紙業
9930,北沢産
9932,杉本商事
9934,因幡電産
9936,王将フード
9941,太洋物産
9942,ジョイフル
9945,プレナス
9946,ミニストップ
9948,アークス
9950,ハチバン
9955,ヨンキュウ
9956,バローＨＤ
9959,アシードＨＤ
9960,東テク
9962,ミスミＧ
9964,アイテック
9967,堺商事
9969,ショクブン
9972,アルテック
9973,小僧寿し
9974,ベルク
9976,セキチュー
9977,アオキスーパ
9978,文教堂ＨＤ
9979,大庄
9980,ＭＲＫＨＤ
9982,タキヒヨー
9983,ファストリテ
9984,ソフバンＧ
9986,蔵王産業
9987,スズケン
9989,サンドラッグ
9990,サックスバー
9991,ジェコス
9993,ヤマザワ
9994,やまや
9995,グローセル
9996,サトー商会
9997,ベルーナ
